raw_motor_0,raw_motor_1,raw_motor_2,raw_motor_3,motor_0,motor_1,motor_2,motor_3,x_expected,y_expected,z_expected,x_img,y_img,x_screen,y_screen
-1.3089969,1.9192445,-2.0817986,0.33708704,6.0,100.0,170.0,70.0,0.031754415,-0.118509084,0.08,492.5,372.5,0.5390625,-0.5520833333333333
-1.3089969,1.654161,-1.8631829,0.3835549,6.0,85.0,157.0,72.0,0.038160935,-0.14241853,0.08,528.5,368.25,0.6515625,-0.534375
-1.3089969,1.4034688,-1.6038476,0.3749117,6.0,71.0,142.0,72.0,0.04468303,-0.16675933,0.08,571.25,364.0,0.78515625,-0.5166666666666666
-1.3089969,1.4034688,-1.6038476,0.3749117,6.0,71.0,142.0,72.0,0.04468303,-0.16675933,0.08,571.25,364.0,0.78515625,-0.5166666666666666
-1.3089969,1.654161,-1.8631829,0.3835549,6.0,85.0,157.0,72.0,0.038160935,-0.14241853,0.08,532.0,368.75,0.6625000000000001,-0.5364583333333333
-1.3089969,1.7374932,-1.9379582,0.37499797,6.0,90.0,162.0,72.0,0.03607743,-0.13464278,0.08,515.5,370.25,0.6109374999999999,-0.5427083333333333
-1.3089969,1.4343998,-1.6386306,0.37876368,6.0,73.0,144.0,72.0,0.043866888,-0.16371343,0.08,566.25,364.5,0.76953125,-0.51875
-1.3089969,1.1848735,-1.3364437,0.32610318,6.0,58.0,127.0,69.0,0.050388984,-0.18805423,0.08,609.25,359.5,0.9039062499999999,-0.49791666666666656
-1.3089969,1.1848735,-1.3364437,0.32610318,6.0,58.0,127.0,69.0,0.050388984,-0.18805423,0.08,609.25,359.25,0.9039062499999999,-0.49687499999999996
-1.3089969,1.1848733,-1.3364437,0.32610318,6.0,58.0,127.0,69.0,0.050388988,-0.18805423,0.08,609.25,359.25,0.9039062499999999,-0.49687499999999996
-1.3089969,1.1848733,-1.3364437,0.32610318,6.0,58.0,127.0,69.0,0.050388988,-0.18805423,0.08,609.25,359.5,0.9039062499999999,-0.49791666666666656
-1.3089969,1.4343997,-1.6386304,0.37876365,6.0,73.0,144.0,72.0,0.043866888,-0.16371344,0.08,569.25,365.25,0.7789062499999999,-0.5218750000000001
-1.3089969,1.737493,-1.9379581,0.37499797,6.0,90.0,162.0,72.0,0.036077432,-0.1346428,0.08,515.5,370.25,0.6109374999999999,-0.5427083333333333
-1.3089969,1.737493,-1.9379581,0.37499797,6.0,90.0,162.0,72.0,0.036077432,-0.1346428,0.08,515.25,370.25,0.61015625,-0.5427083333333333
-1.3089969,1.4343997,-1.6386304,0.37876365,6.0,73.0,144.0,72.0,0.043866888,-0.16371344,0.08,566.25,364.75,0.76953125,-0.5197916666666667
-1.3089969,1.1848733,-1.3364437,0.32610318,6.0,58.0,127.0,69.0,0.050388988,-0.18805423,0.08,609.5,360.25,0.9046875000000001,-0.5010416666666666
-1.3089969,1.1848733,-1.3364437,0.32610318,6.0,58.0,127.0,69.0,0.050388988,-0.18805423,0.08,609.25,359.5,0.9039062499999999,-0.49791666666666656
-1.3089969,1.1848735,-1.3364437,0.32610318,6.0,58.0,127.0,69.0,0.050388984,-0.18805423,0.08,609.5,360.0,0.9046875000000001,-0.5
-1.3089969,1.1848735,-1.3364437,0.32610318,6.0,58.0,127.0,69.0,0.050388984,-0.18805423,0.08,609.5,359.75,0.9046875000000001,-0.4989583333333334
-1.3089969,1.4343998,-1.6386306,0.37876368,6.0,73.0,144.0,72.0,0.043866888,-0.16371343,0.08,568.75,365.0,0.77734375,-0.5208333333333333
-1.3089969,1.7374932,-1.9379582,0.37499797,6.0,90.0,162.0,72.0,0.03607743,-0.13464278,0.08,515.25,370.25,0.61015625,-0.5427083333333333
-1.3089969,1.654161,-1.8631829,0.3835549,6.0,85.0,157.0,72.0,0.038160935,-0.14241853,0.08,528.75,368.0,0.65234375,-0.5333333333333334
-1.3089969,1.4034688,-1.6038476,0.3749117,6.0,71.0,142.0,72.0,0.04468303,-0.16675933,0.08,571.25,364.0,0.78515625,-0.5166666666666666
-1.3089969,1.4034688,-1.6038476,0.3749117,6.0,71.0,142.0,72.0,0.04468303,-0.16675933,0.08,571.25,364.0,0.78515625,-0.5166666666666666
-1.3089969,1.654161,-1.8631829,0.3835549,6.0,85.0,157.0,72.0,0.038160935,-0.14241853,0.08,532.0,368.5,0.6625000000000001,-0.5354166666666667
-1.3089969,1.9192445,-2.0817986,0.33708704,6.0,100.0,170.0,70.0,0.031754415,-0.118509084,0.08,491.5,372.25,0.5359375,-0.5510416666666667
-1.3089969,1.9192445,-2.0817986,0.33708704,6.0,100.0,170.0,70.0,0.031754415,-0.118509084,0.08,491.5,372.25,0.5359375,-0.5510416666666667
-1.0908308,1.9192445,-2.0817986,0.33708704,18.0,100.0,170.0,70.0,0.056651767,-0.10882703,0.08,482.25,340.25,0.50703125,-0.41770833333333335
-1.0908308,1.9192445,-2.0817986,0.33708704,18.0,100.0,170.0,70.0,0.056651767,-0.10882703,0.08,482.25,340.25,0.50703125,-0.41770833333333335
-1.0908308,1.6541611,-1.8631831,0.3835549,18.0,85.0,157.0,72.0,0.06808137,-0.1307831,0.08,517.25,325.25,0.61640625,-0.35520833333333335
-1.0908308,1.4034688,-1.6038476,0.3749117,18.0,71.0,142.0,72.0,0.07971719,-0.15313528,0.08,555.75,311.25,0.7367187500000001,-0.296875
-1.0908308,1.4034688,-1.6038476,0.3749117,18.0,71.0,142.0,72.0,0.07971719,-0.15313528,0.08,555.75,311.25,0.7367187500000001,-0.296875
-1.0908308,1.6541611,-1.8631831,0.3835549,18.0,85.0,157.0,72.0,0.06808137,-0.1307831,0.08,519.5,326.0,0.6234375000000001,-0.3583333333333334
-1.0908308,1.7374932,-1.9379582,0.37499797,18.0,90.0,162.0,72.0,0.06436428,-0.12364263,0.08,503.75,331.25,0.57421875,-0.38020833333333326
-1.0908308,1.4343998,-1.6386306,0.37876368,18.0,73.0,144.0,72.0,0.07826113,-0.15033823,0.08,551.0,313.25,0.721875,-0.3052083333333333
-1.0908308,1.1848735,-1.3364438,0.3261032,18.0,58.0,127.0,69.0,0.08989694,-0.17269042,0.08,591.5,297.25,0.8484375,-0.23854166666666665
-1.0908308,1.1848735,-1.3364438,0.3261032,18.0,58.0,127.0,69.0,0.08989694,-0.17269042,0.08,591.5,297.25,0.8484375,-0.23854166666666665
-1.0908308,1.1848735,-1.3364438,0.3261032,18.0,58.0,127.0,69.0,0.08989695,-0.17269042,0.08,591.5,297.25,0.8484375,-0.23854166666666665
-1.0908308,1.1848735,-1.3364438,0.3261032,18.0,58.0,127.0,69.0,0.08989695,-0.17269042,0.08,591.5,297.25,0.8484375,-0.23854166666666665
-1.0908308,1.4343998,-1.6386306,0.37876368,18.0,73.0,144.0,72.0,0.07826113,-0.15033823,0.08,554.0,312.75,0.73125,-0.3031250000000001
-1.0908308,1.737493,-1.9379581,0.37499797,18.0,90.0,162.0,72.0,0.064364284,-0.12364264,0.08,504.5,331.25,0.5765625000000001,-0.38020833333333326
-1.0908308,1.737493,-1.9379581,0.37499797,18.0,90.0,162.0,72.0,0.064364284,-0.12364264,0.08,504.5,331.25,0.5765625000000001,-0.38020833333333326
-1.0908308,1.4343998,-1.6386306,0.37876368,18.0,73.0,144.0,72.0,0.07826113,-0.15033823,0.08,550.75,312.25,0.7210937500000001,-0.30104166666666665
-1.0908308,1.1848735,-1.3364438,0.3261032,18.0,58.0,127.0,69.0,0.08989695,-0.17269042,0.08,591.5,297.25,0.8484375,-0.23854166666666665
-1.0908308,1.1848735,-1.3364438,0.3261032,18.0,58.0,127.0,69.0,0.08989695,-0.17269042,0.08,591.5,297.25,0.8484375,-0.23854166666666665
-1.0908308,1.1848735,-1.3364438,0.3261032,18.0,58.0,127.0,69.0,0.08989694,-0.17269042,0.08,591.5,297.25,0.8484375,-0.23854166666666665
-1.0908308,1.1848735,-1.3364438,0.3261032,18.0,58.0,127.0,69.0,0.08989694,-0.17269042,0.08,591.25,297.25,0.84765625,-0.23854166666666665
-1.0908308,1.4343998,-1.6386306,0.37876368,18.0,73.0,144.0,72.0,0.07826113,-0.15033823,0.08,553.25,313.25,0.7289062500000001,-0.3052083333333333
-1.0908308,1.7374932,-1.9379582,0.37499797,18.0,90.0,162.0,72.0,0.06436428,-0.12364263,0.08,503.75,331.25,0.57421875,-0.38020833333333326
-1.0908308,1.6541611,-1.8631831,0.3835549,18.0,85.0,157.0,72.0,0.06808137,-0.1307831,0.08,517.25,326.0,0.61640625,-0.3583333333333334
-1.0908308,1.4034688,-1.6038476,0.3749117,18.0,71.0,142.0,72.0,0.07971719,-0.15313528,0.08,555.75,311.25,0.7367187500000001,-0.296875
-1.0908308,1.4034688,-1.6038476,0.3749117,18.0,71.0,142.0,72.0,0.07971719,-0.15313528,0.08,555.75,311.25,0.7367187500000001,-0.296875
-1.0908308,1.6541611,-1.8631831,0.3835549,18.0,85.0,157.0,72.0,0.06808137,-0.1307831,0.08,519.75,326.5,0.62421875,-0.3604166666666666
-1.0908308,1.9192445,-2.0817986,0.33708704,18.0,100.0,170.0,70.0,0.056651767,-0.10882703,0.08,482.25,340.25,0.50703125,-0.41770833333333335
-1.0908308,1.9192445,-2.0817986,0.33708704,18.0,100.0,170.0,70.0,0.056651767,-0.10882703,0.08,482.25,340.25,0.50703125,-0.41770833333333335
-0.87266463,1.9192445,-2.0817986,0.33708704,31.0,100.0,170.0,70.0,0.078863375,-0.093985714,0.08,467.0,314.0,0.4593750000000001,-0.30833333333333335
-0.87266463,1.9192445,-2.0817986,0.33708704,31.0,100.0,170.0,70.0,0.078863375,-0.093985714,0.08,467.25,313.75,0.46015625000000004,-0.30729166666666674
-0.87266463,1.6541611,-1.863183,0.3835549,31.0,85.0,157.0,72.0,0.09477422,-0.112947516,0.08,496.75,292.0,0.5523437499999999,-0.21666666666666656
-0.87266463,1.4034688,-1.6038476,0.3749117,31.0,71.0,142.0,72.0,0.110972114,-0.13225141,0.08,530.75,268.75,0.6585937500000001,-0.11979166666666674
-0.87266463,1.4034688,-1.6038476,0.3749117,31.0,71.0,142.0,72.0,0.110972114,-0.13225141,0.08,530.75,268.75,0.6585937500000001,-0.11979166666666674
-0.87266463,1.6541611,-1.863183,0.3835549,31.0,85.0,157.0,72.0,0.09477422,-0.112947516,0.08,499.25,291.75,0.5601562499999999,-0.21562499999999996
-0.87266463,1.7374932,-1.9379582,0.37499797,31.0,90.0,162.0,72.0,0.08959975,-0.10678083,0.08,486.0,300.25,0.51875,-0.2510416666666666
-0.8726647,1.4343998,-1.6386305,0.37876365,30.0,73.0,144.0,72.0,0.108945176,-0.12983581,0.08,527.0,272.25,0.6468750000000001,-0.1343749999999999
-0.8726647,1.1848735,-1.3364438,0.3261032,30.0,58.0,127.0,69.0,0.12514307,-0.14913972,0.08,561.75,247.25,0.7554687499999999,-0.030208333333333393
-0.8726647,1.1848735,-1.3364438,0.3261032,30.0,58.0,127.0,69.0,0.12514307,-0.14913972,0.08,561.75,247.25,0.7554687499999999,-0.030208333333333393
-0.87266463,1.1848733,-1.3364437,0.32610318,31.0,58.0,127.0,69.0,0.12514308,-0.14913972,0.08,562.25,247.0,0.75703125,-0.029166666666666563
-0.87266463,1.1848733,-1.3364437,0.32610318,31.0,58.0,127.0,69.0,0.12514308,-0.14913972,0.08,562.25,247.5,0.75703125,-0.03125
-0.8726647,1.4343998,-1.6386305,0.37876365,30.0,73.0,144.0,72.0,0.108945176,-0.12983581,0.08,529.0,271.0,0.653125,-0.12916666666666665
-0.8726647,1.7374932,-1.9379581,0.37499797,30.0,90.0,162.0,72.0,0.08959975,-0.106780834,0.08,485.75,300.25,0.5179687500000001,-0.2510416666666666
-0.8726647,1.7374932,-1.9379581,0.37499797,30.0,90.0,162.0,72.0,0.08959975,-0.106780834,0.08,485.75,300.25,0.5179687500000001,-0.2510416666666666
-0.8726647,1.4343998,-1.6386305,0.37876365,30.0,73.0,144.0,72.0,0.108945176,-0.12983581,0.08,527.0,272.0,0.6468750000000001,-0.1333333333333333
-0.87266463,1.1848733,-1.3364437,0.32610318,31.0,58.0,127.0,69.0,0.12514308,-0.14913972,0.08,561.5,246.75,0.7546875,-0.028124999999999956
-0.87266463,1.1848733,-1.3364437,0.32610318,31.0,58.0,127.0,69.0,0.12514308,-0.14913972,0.08,561.25,247.0,0.75390625,-0.029166666666666563
-0.8726647,1.1848735,-1.3364438,0.3261032,30.0,58.0,127.0,69.0,0.12514307,-0.14913972,0.08,561.5,246.75,0.7546875,-0.028124999999999956
-0.8726647,1.1848735,-1.3364438,0.3261032,30.0,58.0,127.0,69.0,0.12514307,-0.14913972,0.08,561.5,246.75,0.7546875,-0.028124999999999956
-0.8726647,1.4343998,-1.6386305,0.37876365,30.0,73.0,144.0,72.0,0.108945176,-0.12983581,0.08,528.75,271.25,0.65234375,-0.13020833333333326
-0.87266463,1.7374932,-1.9379582,0.37499797,31.0,90.0,162.0,72.0,0.08959975,-0.10678083,0.08,484.75,299.25,0.51484375,-0.24687499999999996
-0.87266463,1.6541611,-1.863183,0.3835549,31.0,85.0,157.0,72.0,0.09477422,-0.112947516,0.08,495.5,290.75,0.5484374999999999,-0.2114583333333333
-0.87266463,1.4034688,-1.6038476,0.3749117,31.0,71.0,142.0,72.0,0.110972114,-0.13225141,0.08,529.0,266.75,0.653125,-0.11145833333333344
-0.87266463,1.4034688,-1.6038476,0.3749117,31.0,71.0,142.0,72.0,0.110972114,-0.13225141,0.08,529.0,266.75,0.653125,-0.11145833333333344
-0.87266463,1.6541611,-1.863183,0.3835549,31.0,85.0,157.0,72.0,0.09477422,-0.112947516,0.08,497.75,290.25,0.55546875,-0.2093750000000001
-0.87266463,1.9192445,-2.0817986,0.33708704,31.0,100.0,170.0,70.0,0.078863375,-0.093985714,0.08,466.25,312.5,0.45703125,-0.30208333333333326
-0.87266463,1.9192445,-2.0817986,0.33708704,31.0,100.0,170.0,70.0,0.078863375,-0.093985714,0.08,466.25,312.5,0.45703125,-0.30208333333333326
-0.6544985,1.9192445,-2.0817986,0.33708704,43.0,100.0,170.0,70.0,0.097336225,-0.07468872,0.08,444.0,290.25,0.38749999999999996,-0.2093750000000001
-0.6544985,1.9192445,-2.0817986,0.33708704,43.0,100.0,170.0,70.0,0.097336225,-0.07468872,0.08,444.0,290.25,0.38749999999999996,-0.2093750000000001
-0.6544985,1.6541611,-1.863183,0.3835549,43.0,85.0,157.0,72.0,0.116974,-0.089757316,0.08,467.0,261.75,0.4593750000000001,-0.09062499999999996
-0.65449846,1.4034688,-1.6038476,0.3749117,43.0,71.0,142.0,72.0,0.13696608,-0.10509777,0.08,493.5,231.0,0.5421875,0.03750000000000009
-0.65449846,1.4034688,-1.6038476,0.3749117,43.0,71.0,142.0,72.0,0.13696608,-0.10509777,0.08,493.5,231.0,0.5421875,0.03750000000000009
-0.6544985,1.6541611,-1.863183,0.3835549,43.0,85.0,157.0,72.0,0.116974,-0.089757316,0.08,469.25,261.0,0.4664062499999999,-0.08749999999999991
-0.65449846,1.7374932,-1.9379582,0.37499797,43.0,90.0,162.0,72.0,0.11058748,-0.084856756,0.08,458.75,272.75,0.43359375,-0.13645833333333335
-0.65449846,1.4343998,-1.6386306,0.37876368,43.0,73.0,144.0,72.0,0.13446435,-0.10317813,0.08,490.5,234.75,0.5328124999999999,0.02187500000000009
-0.65449846,1.1848735,-1.3364438,0.3261032,43.0,58.0,127.0,69.0,0.15445642,-0.11851858,0.08,517.0,202.25,0.6156250000000001,0.1572916666666666
-0.65449846,1.1848735,-1.3364438,0.3261032,43.0,58.0,127.0,69.0,0.15445642,-0.11851858,0.08,517.0,202.25,0.6156250000000001,0.1572916666666666
-0.65449846,1.1848733,-1.3364435,0.32610315,43.0,58.0,127.0,69.0,0.15445644,-0.11851859,0.08,517.0,202.25,0.6156250000000001,0.1572916666666666
-0.65449846,1.1848733,-1.3364435,0.32610315,43.0,58.0,127.0,69.0,0.15445644,-0.11851859,0.08,517.0,202.25,0.6156250000000001,0.1572916666666666
-0.6544985,1.4343998,-1.6386305,0.37876365,43.0,73.0,144.0,72.0,0.13446435,-0.103178136,0.08,492.0,234.5,0.5375000000000001,0.022916666666666696
-0.65449846,1.737493,-1.9379581,0.37499797,43.0,90.0,162.0,72.0,0.110587485,-0.08485676,0.08,458.25,272.5,0.4320312500000001,-0.13541666666666674
-0.65449846,1.737493,-1.9379581,0.37499797,43.0,90.0,162.0,72.0,0.110587485,-0.08485676,0.08,458.5,272.75,0.43281250000000004,-0.13645833333333335
-0.6544985,1.4343998,-1.6386305,0.37876365,43.0,73.0,144.0,72.0,0.13446435,-0.103178136,0.08,490.25,234.75,0.53203125,0.02187500000000009
-0.65449846,1.1848733,-1.3364435,0.32610315,43.0,58.0,127.0,69.0,0.15445644,-0.11851859,0.08,517.0,202.25,0.6156250000000001,0.1572916666666666
-0.65449846,1.1848733,-1.3364435,0.32610315,43.0,58.0,127.0,69.0,0.15445644,-0.11851859,0.08,517.0,202.25,0.6156250000000001,0.1572916666666666
-0.65449846,1.1848735,-1.3364438,0.3261032,43.0,58.0,127.0,69.0,0.15445642,-0.11851858,0.08,517.0,202.25,0.6156250000000001,0.1572916666666666
-0.65449846,1.1848735,-1.3364438,0.3261032,43.0,58.0,127.0,69.0,0.15445642,-0.11851858,0.08,517.0,202.25,0.6156250000000001,0.1572916666666666
-0.65449846,1.4343998,-1.6386306,0.37876368,43.0,73.0,144.0,72.0,0.13446435,-0.10317813,0.08,492.5,234.0,0.5390625,0.02499999999999991
-0.65449846,1.7374932,-1.9379582,0.37499797,43.0,90.0,162.0,72.0,0.11058748,-0.084856756,0.08,458.75,272.75,0.43359375,-0.13645833333333335
-0.6544985,1.6541611,-1.863183,0.3835549,43.0,85.0,157.0,72.0,0.116974,-0.089757316,0.08,466.75,262.0,0.4585937499999999,-0.09166666666666656
-0.65449846,1.4034688,-1.6038476,0.3749117,43.0,71.0,142.0,72.0,0.13696608,-0.10509777,0.08,493.5,230.75,0.5421875,0.038541666666666696
-0.65449846,1.4034688,-1.6038476,0.3749117,43.0,71.0,142.0,72.0,0.13696608,-0.10509777,0.08,493.5,230.75,0.5421875,0.038541666666666696
-0.6544985,1.6541611,-1.863183,0.3835549,43.0,85.0,157.0,72.0,0.116974,-0.089757316,0.08,469.0,261.0,0.46562499999999996,-0.08749999999999991
-0.6544985,1.9192445,-2.0817986,0.33708704,43.0,100.0,170.0,70.0,0.097336225,-0.07468872,0.08,444.5,290.5,0.3890625000000001,-0.2104166666666667
-0.6544985,1.9192445,-2.0817986,0.33708704,43.0,100.0,170.0,70.0,0.097336225,-0.07468872,0.08,444.25,290.75,0.3882812499999999,-0.2114583333333333
-0.43633235,1.9192445,-2.0817986,0.33708704,55.0,100.0,170.0,70.0,0.111194566,-0.05185088,0.08,418.0,274.25,0.3062499999999999,-0.14270833333333344
-0.43633235,1.9192445,-2.0817986,0.33708704,55.0,100.0,170.0,70.0,0.111194566,-0.05185088,0.08,417.75,274.25,0.30546874999999996,-0.14270833333333344
-0.43633232,1.654161,-1.863183,0.3835549,55.0,85.0,157.0,72.0,0.1336283,-0.0623119,0.08,432.75,240.75,0.35234374999999996,-0.0031250000000000444
-0.43633235,1.4034688,-1.6038476,0.3749117,55.0,71.0,142.0,72.0,0.15646675,-0.07296165,0.08,450.25,204.75,0.40703124999999996,0.1468750000000001
-0.43633235,1.4034688,-1.6038476,0.3749117,55.0,71.0,142.0,72.0,0.15646675,-0.07296165,0.08,450.25,205.0,0.40703124999999996,0.14583333333333348
-0.43633232,1.654161,-1.863183,0.3835549,55.0,85.0,157.0,72.0,0.1336283,-0.0623119,0.08,434.25,239.75,0.3570312499999999,0.0010416666666666075
-0.43633232,1.7374932,-1.9379582,0.37499797,55.0,90.0,162.0,72.0,0.12633248,-0.058909804,0.08,427.5,253.5,0.3359375,-0.05624999999999991
-0.43633235,1.4343998,-1.6386306,0.37876368,55.0,73.0,144.0,72.0,0.15360884,-0.07162899,0.08,448.25,209.75,0.4007812500000001,0.1260416666666666
-0.43633235,1.1848735,-1.3364438,0.3261032,55.0,58.0,127.0,69.0,0.1764473,-0.082278736,0.08,466.0,172.0,0.45625000000000004,0.2833333333333332
-0.43633235,1.1848735,-1.3364438,0.3261032,55.0,58.0,127.0,69.0,0.1764473,-0.082278736,0.08,465.75,172.0,0.4554687500000001,0.2833333333333332
-0.43633232,1.1848733,-1.3364437,0.32610318,55.0,58.0,127.0,69.0,0.17644732,-0.082278736,0.08,466.0,172.0,0.45625000000000004,0.2833333333333332
-0.43633232,1.1848733,-1.3364437,0.32610318,55.0,58.0,127.0,69.0,0.17644732,-0.082278736,0.08,466.0,172.0,0.45625000000000004,0.2833333333333332
-0.43633232,1.4343997,-1.6386305,0.37876365,55.0,73.0,144.0,72.0,0.15360886,-0.07162899,0.08,449.5,208.0,0.4046875000000001,0.1333333333333333
-0.43633235,1.7374932,-1.9379582,0.37499797,55.0,90.0,162.0,72.0,0.12633248,-0.058909807,0.08,427.25,253.0,0.33515625000000004,-0.054166666666666696
-0.43633235,1.7374932,-1.9379582,0.37499797,55.0,90.0,162.0,72.0,0.12633248,-0.058909807,0.08,427.25,253.5,0.33515625000000004,-0.05624999999999991
-0.43633232,1.4343997,-1.6386305,0.37876365,55.0,73.0,144.0,72.0,0.15360886,-0.07162899,0.08,448.0,209.75,0.3999999999999999,0.1260416666666666
-0.43633232,1.1848733,-1.3364437,0.32610318,55.0,58.0,127.0,69.0,0.17644732,-0.082278736,0.08,465.5,171.25,0.4546874999999999,0.2864583333333335
-0.43633232,1.1848733,-1.3364437,0.32610318,55.0,58.0,127.0,69.0,0.17644732,-0.082278736,0.08,465.5,171.25,0.4546874999999999,0.2864583333333335
-0.43633235,1.1848735,-1.3364438,0.3261032,55.0,58.0,127.0,69.0,0.1764473,-0.082278736,0.08,465.75,171.5,0.4554687500000001,0.28541666666666665
-0.43633235,1.1848735,-1.3364438,0.3261032,55.0,58.0,127.0,69.0,0.1764473,-0.082278736,0.08,465.75,171.5,0.4554687500000001,0.28541666666666665
-0.43633235,1.4343998,-1.6386306,0.37876368,55.0,73.0,144.0,72.0,0.15360884,-0.07162899,0.08,449.5,208.25,0.4046875000000001,0.1322916666666667
-0.43633232,1.7374932,-1.9379582,0.37499797,55.0,90.0,162.0,72.0,0.12633248,-0.058909804,0.08,427.25,253.75,0.33515625000000004,-0.05729166666666674
-0.43633232,1.654161,-1.863183,0.3835549,55.0,85.0,157.0,72.0,0.1336283,-0.0623119,0.08,432.75,241.0,0.35234374999999996,-0.004166666666666652
-0.43633235,1.4034688,-1.6038476,0.3749117,55.0,71.0,142.0,72.0,0.15646675,-0.07296165,0.08,449.75,204.75,0.40546875000000004,0.1468750000000001
-0.43633235,1.4034688,-1.6038476,0.3749117,55.0,71.0,142.0,72.0,0.15646675,-0.07296165,0.08,449.75,204.75,0.40546875000000004,0.1468750000000001
-0.43633232,1.654161,-1.863183,0.3835549,55.0,85.0,157.0,72.0,0.1336283,-0.0623119,0.08,434.25,240.0,0.3570312499999999,0.0
-0.43633235,1.9192445,-2.0817986,0.33708704,55.0,100.0,170.0,70.0,0.111194566,-0.05185088,0.08,417.75,274.0,0.30546874999999996,-0.1416666666666666
-0.43633235,1.9192445,-2.0817986,0.33708704,55.0,100.0,170.0,70.0,0.111194566,-0.05185088,0.08,417.75,274.25,0.30546874999999996,-0.14270833333333344
-0.21816616,1.9192445,-2.0817986,0.33708704,68.0,100.0,170.0,70.0,0.1197814,-0.026554897,0.08,386.5,264.5,0.20781249999999996,-0.1020833333333333
-0.21816616,1.9192445,-2.0817986,0.33708704,68.0,100.0,170.0,70.0,0.1197814,-0.026554897,0.08,386.5,264.5,0.20781249999999996,-0.1020833333333333
-0.21816617,1.6541611,-1.863183,0.3835549,68.0,85.0,157.0,72.0,0.14394753,-0.0319124,0.08,393.75,229.0,0.23046875,0.04583333333333339
-0.21816617,1.4034688,-1.6038476,0.3749117,68.0,71.0,142.0,72.0,0.16854966,-0.03736656,0.08,400.75,189.75,0.2523437500000001,0.2093750000000001
-0.21816617,1.4034688,-1.6038476,0.3749117,68.0,71.0,142.0,72.0,0.16854966,-0.03736656,0.08,400.75,189.75,0.2523437500000001,0.2093750000000001
-0.21816617,1.6541611,-1.863183,0.3835549,68.0,85.0,157.0,72.0,0.14394753,-0.0319124,0.08,394.25,228.0,0.2320312499999999,0.050000000000000044
-0.21816616,1.7374932,-1.9379582,0.37499797,68.0,90.0,162.0,72.0,0.13608831,-0.030170053,0.08,391.5,242.25,0.22343749999999996,-0.009374999999999911
-0.21816616,1.4343997,-1.6386305,0.37876365,68.0,73.0,144.0,72.0,0.16547106,-0.03668405,0.08,400.25,195.0,0.25078124999999996,0.1875
-0.21816617,1.1848735,-1.3364438,0.3261032,68.0,58.0,127.0,69.0,0.19007318,-0.04213821,0.08,407.5,154.25,0.2734375,0.3572916666666668
-0.21816617,1.1848735,-1.3364438,0.3261032,68.0,58.0,127.0,69.0,0.19007318,-0.04213821,0.08,407.5,154.0,0.2734375,0.3583333333333334
-0.21816616,1.1848733,-1.3364435,0.32610315,68.0,58.0,127.0,69.0,0.19007319,-0.04213821,0.08,407.5,154.0,0.2734375,0.3583333333333334
-0.21816616,1.1848733,-1.3364435,0.32610315,68.0,58.0,127.0,69.0,0.19007319,-0.04213821,0.08,407.5,154.0,0.2734375,0.3583333333333334
-0.21816616,1.4343997,-1.6386305,0.37876365,68.0,73.0,144.0,72.0,0.16547106,-0.03668405,0.08,401.0,193.5,0.25312500000000004,0.1937500000000001
-0.21816616,1.737493,-1.9379581,0.374998,68.0,90.0,162.0,72.0,0.13608833,-0.030170055,0.08,391.5,242.25,0.22343749999999996,-0.009374999999999911
-0.21816616,1.737493,-1.9379581,0.374998,68.0,90.0,162.0,72.0,0.13608833,-0.030170055,0.08,391.5,242.25,0.22343749999999996,-0.009374999999999911
-0.21816616,1.4343997,-1.6386305,0.37876365,68.0,73.0,144.0,72.0,0.16547106,-0.03668405,0.08,400.0,194.5,0.25,0.18958333333333321
-0.21816616,1.1848733,-1.3364435,0.32610315,68.0,58.0,127.0,69.0,0.19007319,-0.04213821,0.08,407.25,154.0,0.27265625000000004,0.3583333333333334
-0.21816616,1.1848733,-1.3364435,0.32610315,68.0,58.0,127.0,69.0,0.19007319,-0.04213821,0.08,407.25,154.0,0.27265625000000004,0.3583333333333334
-0.21816617,1.1848735,-1.3364438,0.3261032,68.0,58.0,127.0,69.0,0.19007318,-0.04213821,0.08,407.25,154.0,0.27265625000000004,0.3583333333333334
-0.21816617,1.1848735,-1.3364438,0.3261032,68.0,58.0,127.0,69.0,0.19007318,-0.04213821,0.08,407.25,154.0,0.27265625000000004,0.3583333333333334
-0.21816616,1.4343997,-1.6386305,0.37876365,68.0,73.0,144.0,72.0,0.16547106,-0.03668405,0.08,401.0,193.25,0.25312500000000004,0.1947916666666667
-0.21816616,1.7374932,-1.9379582,0.37499797,68.0,90.0,162.0,72.0,0.13608831,-0.030170053,0.08,391.5,241.5,0.22343749999999996,-0.006250000000000089
-0.21816617,1.6541611,-1.863183,0.3835549,68.0,85.0,157.0,72.0,0.14394753,-0.0319124,0.08,393.25,229.0,0.2289062500000001,0.04583333333333339
-0.21816617,1.4034688,-1.6038476,0.3749117,68.0,71.0,142.0,72.0,0.16854966,-0.03736656,0.08,400.5,189.0,0.2515624999999999,0.2124999999999999
-0.21816617,1.4034688,-1.6038476,0.3749117,68.0,71.0,142.0,72.0,0.16854966,-0.03736656,0.08,400.5,189.0,0.2515624999999999,0.2124999999999999
-0.21816617,1.6541611,-1.863183,0.3835549,68.0,85.0,157.0,72.0,0.14394753,-0.0319124,0.08,394.25,227.25,0.2320312499999999,0.05312500000000009
-0.21816616,1.9192445,-2.0817986,0.33708704,68.0,100.0,170.0,70.0,0.1197814,-0.026554897,0.08,387.5,264.75,0.2109375,-0.10312499999999991
-0.21816616,1.9192445,-2.0817986,0.33708704,68.0,100.0,170.0,70.0,0.1197814,-0.026554897,0.08,387.5,264.75,0.2109375,-0.10312499999999991
0.0,1.9192445,-2.0817986,0.33708704,80.0,100.0,170.0,70.0,0.122689635,0.0,0.08,359.0,262.75,0.12187499999999996,-0.09479166666666661
0.0,1.9192445,-2.0817986,0.33708704,80.0,100.0,170.0,70.0,0.122689635,0.0,0.08,359.0,262.75,0.12187499999999996,-0.09479166666666661
0.0,1.6541611,-1.863183,0.3835549,80.0,85.0,157.0,72.0,0.1474425,0.0,0.08,357.25,226.75,0.11640625000000004,0.055208333333333304
0.0,1.4034688,-1.6038476,0.3749117,80.0,71.0,142.0,72.0,0.17264196,0.0,0.08,355.75,187.0,0.11171875000000009,0.22083333333333321
0.0,1.4034688,-1.6038476,0.3749117,80.0,71.0,142.0,72.0,0.17264196,0.0,0.08,355.75,187.0,0.11171875000000009,0.22083333333333321
0.0,1.6541611,-1.863183,0.3835549,80.0,85.0,157.0,72.0,0.1474425,0.0,0.08,358.0,225.25,0.11874999999999991,0.06145833333333339
0.0,1.7374932,-1.9379582,0.37499797,80.0,90.0,162.0,72.0,0.13939247,0.0,0.08,358.75,240.25,0.12109375,-0.0010416666666666075
0.0,1.4343998,-1.6386306,0.37876368,80.0,73.0,144.0,72.0,0.16948861,0.0,0.08,356.0,192.0,0.11250000000000004,0.19999999999999996
0.0,1.1848735,-1.3364437,0.32610318,80.0,58.0,127.0,69.0,0.19468807,0.0,0.08,354.0,150.5,0.10624999999999996,0.3729166666666668
0.0,1.1848735,-1.3364437,0.32610318,80.0,58.0,127.0,69.0,0.19468807,0.0,0.08,353.75,150.5,0.10546875,0.3729166666666668
0.0,1.1848733,-1.3364435,0.32610315,80.0,58.0,127.0,69.0,0.19468808,0.0,0.08,353.75,150.25,0.10546875,0.3739583333333334
0.0,1.1848733,-1.3364435,0.32610315,80.0,58.0,127.0,69.0,0.19468808,0.0,0.08,353.75,150.5,0.10546875,0.3729166666666668
0.0,1.4343997,-1.6386304,0.37876365,80.0,73.0,144.0,72.0,0.16948862,0.0,0.08,356.25,190.5,0.11328125,0.20625000000000004
0.0,1.737493,-1.9379581,0.37499797,80.0,90.0,162.0,72.0,0.13939248,0.0,0.08,358.0,240.0,0.11874999999999991,0.0
0.0,1.737493,-1.9379581,0.37499797,80.0,90.0,162.0,72.0,0.13939248,0.0,0.08,358.0,240.25,0.11874999999999991,-0.0010416666666666075
0.0,1.4343997,-1.6386304,0.37876365,80.0,73.0,144.0,72.0,0.16948862,0.0,0.08,355.75,192.0,0.11171875000000009,0.19999999999999996
0.0,1.1848733,-1.3364435,0.32610315,80.0,58.0,127.0,69.0,0.19468808,0.0,0.08,353.75,150.5,0.10546875,0.3729166666666668
0.0,1.1848733,-1.3364435,0.32610315,80.0,58.0,127.0,69.0,0.19468808,0.0,0.08,353.75,150.5,0.10546875,0.3729166666666668
0.0,1.1848735,-1.3364437,0.32610318,80.0,58.0,127.0,69.0,0.19468807,0.0,0.08,353.75,150.5,0.10546875,0.3729166666666668
0.0,1.1848735,-1.3364437,0.32610318,80.0,58.0,127.0,69.0,0.19468807,0.0,0.08,353.75,150.5,0.10546875,0.3729166666666668
0.0,1.4343998,-1.6386306,0.37876368,80.0,73.0,144.0,72.0,0.16948861,0.0,0.08,356.25,190.75,0.11328125,0.20520833333333321
0.0,1.7374932,-1.9379582,0.37499797,80.0,90.0,162.0,72.0,0.13939247,0.0,0.08,358.0,240.0,0.11874999999999991,0.0
0.0,1.6541611,-1.863183,0.3835549,80.0,85.0,157.0,72.0,0.1474425,0.0,0.08,357.5,227.0,0.1171875,0.054166666666666696
0.0,1.4034688,-1.6038476,0.3749117,80.0,71.0,142.0,72.0,0.17264196,0.0,0.08,355.75,187.0,0.11171875000000009,0.22083333333333321
0.0,1.4034688,-1.6038476,0.3749117,80.0,71.0,142.0,72.0,0.17264196,0.0,0.08,355.75,187.0,0.11171875000000009,0.22083333333333321
0.0,1.6541611,-1.863183,0.3835549,80.0,85.0,157.0,72.0,0.1474425,0.0,0.08,358.0,225.25,0.11874999999999991,0.06145833333333339
0.0,1.9192445,-2.0817986,0.33708704,80.0,100.0,170.0,70.0,0.122689635,0.0,0.08,359.75,262.75,0.12421875000000004,-0.09479166666666661
0.0,1.9192445,-2.0817986,0.33708704,80.0,100.0,170.0,70.0,0.122689635,0.0,0.08,359.75,262.75,0.12421875000000004,-0.09479166666666661
0.21816616,1.9192445,-2.0817986,0.33708704,93.0,100.0,170.0,70.0,0.1197814,0.026554897,0.08,329.75,268.25,0.030468750000000044,-0.1177083333333333
0.21816616,1.9192445,-2.0817986,0.33708704,93.0,100.0,170.0,70.0,0.1197814,0.026554897,0.08,329.75,268.0,0.030468750000000044,-0.1166666666666667
0.21816617,1.6541611,-1.863183,0.3835549,93.0,85.0,157.0,72.0,0.14394753,0.0319124,0.08,315.75,233.75,-0.013281250000000022,0.02604166666666652
0.21816617,1.4034688,-1.6038476,0.3749117,93.0,71.0,142.0,72.0,0.16854966,0.03736656,0.08,303.75,196.5,-0.05078125,0.1812499999999999
0.21816617,1.4034688,-1.6038476,0.3749117,93.0,71.0,142.0,72.0,0.16854966,0.03736656,0.08,303.75,196.5,-0.05078125,0.1812499999999999
0.21816617,1.6541611,-1.863183,0.3835549,93.0,85.0,157.0,72.0,0.14394753,0.0319124,0.08,315.75,232.5,-0.013281250000000022,0.03125
0.21816616,1.7374932,-1.9379582,0.37499797,93.0,90.0,162.0,72.0,0.13608831,0.030170053,0.08,320.25,246.75,0.0007812499999999556,-0.028124999999999956
0.21816616,1.4343997,-1.6386305,0.37876365,93.0,73.0,144.0,72.0,0.16547106,0.03668405,0.08,305.25,200.75,-0.046093750000000044,0.1635416666666667
0.21816617,1.1848735,-1.3364438,0.3261032,93.0,58.0,127.0,69.0,0.19007318,0.04213821,0.08,292.75,161.75,-0.08515625000000004,0.3260416666666668
0.21816617,1.1848735,-1.3364438,0.3261032,93.0,58.0,127.0,69.0,0.19007318,0.04213821,0.08,292.5,162.25,-0.0859375,0.32395833333333335
0.21816616,1.1848733,-1.3364435,0.32610315,93.0,58.0,127.0,69.0,0.19007319,0.04213821,0.08,292.5,162.25,-0.0859375,0.32395833333333335
0.21816616,1.1848733,-1.3364435,0.32610315,93.0,58.0,127.0,69.0,0.19007319,0.04213821,0.08,292.75,161.75,-0.08515625000000004,0.3260416666666668
0.21816616,1.4343997,-1.6386305,0.37876365,93.0,73.0,144.0,72.0,0.16547106,0.03668405,0.08,305.25,200.25,-0.046093750000000044,0.1656249999999999
0.21816616,1.737493,-1.9379581,0.374998,93.0,90.0,162.0,72.0,0.13608833,0.030170055,0.08,320.75,247.25,0.002343750000000089,-0.030208333333333393
0.21816616,1.737493,-1.9379581,0.374998,93.0,90.0,162.0,72.0,0.13608833,0.030170055,0.08,320.75,247.25,0.002343750000000089,-0.030208333333333393
0.21816616,1.4343997,-1.6386305,0.37876365,93.0,73.0,144.0,72.0,0.16547106,0.03668405,0.08,305.5,201.0,-0.04531249999999998,0.1625000000000001
0.21816616,1.1848733,-1.3364435,0.32610315,93.0,58.0,127.0,69.0,0.19007319,0.04213821,0.08,292.25,162.0,-0.08671874999999996,0.32499999999999996
0.21816616,1.1848733,-1.3364435,0.32610315,93.0,58.0,127.0,69.0,0.19007319,0.04213821,0.08,292.5,162.25,-0.0859375,0.32395833333333335
0.21816617,1.1848735,-1.3364438,0.3261032,93.0,58.0,127.0,69.0,0.19007318,0.04213821,0.08,292.25,162.0,-0.08671874999999996,0.32499999999999996
0.21816617,1.1848735,-1.3364438,0.3261032,93.0,58.0,127.0,69.0,0.19007318,0.04213821,0.08,292.25,162.0,-0.08671874999999996,0.32499999999999996
0.21816616,1.4343997,-1.6386305,0.37876365,93.0,73.0,144.0,72.0,0.16547106,0.03668405,0.08,305.25,200.25,-0.046093750000000044,0.1656249999999999
0.21816616,1.7374932,-1.9379582,0.37499797,93.0,90.0,162.0,72.0,0.13608831,0.030170053,0.08,320.25,247.5,0.0007812499999999556,-0.03125
0.21816617,1.6541611,-1.863183,0.3835549,93.0,85.0,157.0,72.0,0.14394753,0.0319124,0.08,315.5,234.5,-0.014062499999999978,0.022916666666666696
0.21816617,1.4034688,-1.6038476,0.3749117,93.0,71.0,142.0,72.0,0.16854966,0.03736656,0.08,303.5,196.75,-0.051562499999999956,0.1802083333333333
0.21816617,1.4034688,-1.6038476,0.3749117,93.0,71.0,142.0,72.0,0.16854966,0.03736656,0.08,303.5,196.75,-0.051562499999999956,0.1802083333333333
0.21816617,1.6541611,-1.863183,0.3835549,93.0,85.0,157.0,72.0,0.14394753,0.0319124,0.08,315.25,232.5,-0.014843750000000044,0.03125
0.21816616,1.9192445,-2.0817986,0.33708704,93.0,100.0,170.0,70.0,0.1197814,0.026554897,0.08,327.25,268.75,0.022656250000000044,-0.11979166666666674
0.21816616,1.9192445,-2.0817986,0.33708704,93.0,100.0,170.0,70.0,0.1197814,0.026554897,0.08,327.25,268.75,0.022656250000000044,-0.11979166666666674
0.43633235,1.9192445,-2.0817986,0.33708704,105.0,100.0,170.0,70.0,0.111194566,0.05185088,0.08,300.75,281.0,-0.06015625000000002,-0.1708333333333334
0.43633235,1.9192445,-2.0817986,0.33708704,105.0,100.0,170.0,70.0,0.111194566,0.05185088,0.08,300.75,281.0,-0.06015625000000002,-0.1708333333333334
0.43633232,1.654161,-1.863183,0.3835549,105.0,85.0,157.0,72.0,0.1336283,0.0623119,0.08,282.25,249.5,-0.11796874999999996,-0.039583333333333304
0.43633235,1.4034688,-1.6038476,0.3749117,105.0,71.0,142.0,72.0,0.15646675,0.07296165,0.08,262.0,215.25,-0.18125000000000002,0.10312499999999991
0.43633235,1.4034688,-1.6038476,0.3749117,105.0,71.0,142.0,72.0,0.15646675,0.07296165,0.08,262.0,215.25,-0.18125000000000002,0.10312499999999991
0.43633232,1.654161,-1.863183,0.3835549,105.0,85.0,157.0,72.0,0.1336283,0.0623119,0.08,282.75,248.25,-0.11640625000000004,-0.034375000000000044
0.43633232,1.7374932,-1.9379582,0.37499797,105.0,90.0,162.0,72.0,0.12633248,0.058909804,0.08,290.0,261.0,-0.09375,-0.08749999999999991
0.43633235,1.4343998,-1.6386306,0.37876368,105.0,73.0,144.0,72.0,0.15360884,0.07162899,0.08,265.25,220.0,-0.17109375000000004,0.08333333333333348
0.43633235,1.1848735,-1.3364438,0.3261032,105.0,58.0,127.0,69.0,0.1764473,0.082278736,0.08,243.75,184.0,-0.23828125,0.2333333333333334
0.43633235,1.1848735,-1.3364438,0.3261032,105.0,58.0,127.0,69.0,0.1764473,0.082278736,0.08,243.75,184.0,-0.23828125,0.2333333333333334
0.43633232,1.1848733,-1.3364437,0.32610318,105.0,58.0,127.0,69.0,0.17644732,0.082278736,0.08,243.75,184.0,-0.23828125,0.2333333333333334
0.43633232,1.1848733,-1.3364437,0.32610318,105.0,58.0,127.0,69.0,0.17644732,0.082278736,0.08,243.75,184.0,-0.23828125,0.2333333333333334
0.43633232,1.4343997,-1.6386305,0.37876365,105.0,73.0,144.0,72.0,0.15360886,0.07162899,0.08,264.75,218.5,-0.17265624999999996,0.08958333333333335
0.43633235,1.7374932,-1.9379582,0.37499797,105.0,90.0,162.0,72.0,0.12633248,0.058909807,0.08,290.5,261.0,-0.09218749999999998,-0.08749999999999991
0.43633235,1.7374932,-1.9379582,0.37499797,105.0,90.0,162.0,72.0,0.12633248,0.058909807,0.08,290.75,261.25,-0.09140625000000002,-0.08854166666666674
0.43633232,1.4343997,-1.6386305,0.37876365,105.0,73.0,144.0,72.0,0.15360886,0.07162899,0.08,264.75,219.25,-0.17265624999999996,0.0864583333333333
0.43633232,1.1848733,-1.3364437,0.32610318,105.0,58.0,127.0,69.0,0.17644732,0.082278736,0.08,243.75,184.0,-0.23828125,0.2333333333333334
0.43633232,1.1848733,-1.3364437,0.32610318,105.0,58.0,127.0,69.0,0.17644732,0.082278736,0.08,243.75,184.0,-0.23828125,0.2333333333333334
0.43633235,1.1848735,-1.3364438,0.3261032,105.0,58.0,127.0,69.0,0.1764473,0.082278736,0.08,243.75,184.0,-0.23828125,0.2333333333333334
0.43633235,1.1848735,-1.3364438,0.3261032,105.0,58.0,127.0,69.0,0.1764473,0.082278736,0.08,243.75,184.0,-0.23828125,0.2333333333333334
0.43633235,1.4343998,-1.6386306,0.37876368,105.0,73.0,144.0,72.0,0.15360884,0.07162899,0.08,264.75,218.5,-0.17265624999999996,0.08958333333333335
0.43633232,1.7374932,-1.9379582,0.37499797,105.0,90.0,162.0,72.0,0.12633248,0.058909804,0.08,290.25,260.5,-0.09296875000000004,-0.0854166666666667
0.43633232,1.654161,-1.863183,0.3835549,105.0,85.0,157.0,72.0,0.1336283,0.0623119,0.08,283.25,249.25,-0.11484375000000002,-0.038541666666666696
0.43633235,1.4034688,-1.6038476,0.3749117,105.0,71.0,142.0,72.0,0.15646675,0.07296165,0.08,262.5,215.75,-0.1796875,0.1010416666666667
0.43633235,1.4034688,-1.6038476,0.3749117,105.0,71.0,142.0,72.0,0.15646675,0.07296165,0.08,262.5,215.75,-0.1796875,0.1010416666666667
0.43633232,1.654161,-1.863183,0.3835549,105.0,85.0,157.0,72.0,0.1336283,0.0623119,0.08,282.75,248.25,-0.11640625000000004,-0.034375000000000044
0.43633235,1.9192445,-2.0817986,0.33708704,105.0,100.0,170.0,70.0,0.111194566,0.05185088,0.08,302.0,280.75,-0.05625000000000002,-0.16979166666666656
0.43633235,1.9192445,-2.0817986,0.33708704,105.0,100.0,170.0,70.0,0.111194566,0.05185088,0.08,302.0,280.75,-0.05625000000000002,-0.16979166666666656
0.6544985,1.9192445,-2.0817986,0.33708704,118.0,100.0,170.0,70.0,0.097336225,0.07468872,0.08,276.5,301.5,-0.13593750000000004,-0.2562500000000001
0.6544985,1.9192445,-2.0817986,0.33708704,118.0,100.0,170.0,70.0,0.097336225,0.07468872,0.08,276.5,301.5,-0.13593750000000004,-0.2562500000000001
0.6544985,1.6541611,-1.863183,0.3835549,118.0,85.0,157.0,72.0,0.116974,0.089757316,0.08,250.0,276.75,-0.21875,-0.15312499999999996
0.65449846,1.4034688,-1.6038476,0.3749117,118.0,71.0,142.0,72.0,0.13696608,0.10509777,0.08,220.5,248.5,-0.3109375,-0.03541666666666665
0.65449846,1.4034688,-1.6038476,0.3749117,118.0,71.0,142.0,72.0,0.13696608,0.10509777,0.08,220.5,248.5,-0.3109375,-0.03541666666666665
0.6544985,1.6541611,-1.863183,0.3835549,118.0,85.0,157.0,72.0,0.116974,0.089757316,0.08,248.75,275.25,-0.22265625,-0.1468750000000001
0.65449846,1.7374932,-1.9379582,0.37499797,118.0,90.0,162.0,72.0,0.11058748,0.084856756,0.08,259.25,285.5,-0.18984374999999998,-0.18958333333333344
0.65449846,1.4343998,-1.6386306,0.37876368,118.0,73.0,144.0,72.0,0.13446435,0.10317813,0.08,224.25,252.0,-0.29921875,-0.050000000000000044
0.65449846,1.1848735,-1.3364438,0.3261032,118.0,58.0,127.0,69.0,0.15445642,0.11851858,0.08,194.0,224.0,-0.39375000000000004,0.06666666666666665
0.65449846,1.1848735,-1.3364438,0.3261032,118.0,58.0,127.0,69.0,0.15445642,0.11851858,0.08,194.0,224.0,-0.39375000000000004,0.06666666666666665
0.65449846,1.1848733,-1.3364435,0.32610315,118.0,58.0,127.0,69.0,0.15445644,0.11851859,0.08,194.0,224.0,-0.39375000000000004,0.06666666666666665
0.65449846,1.1848733,-1.3364435,0.32610315,118.0,58.0,127.0,69.0,0.15445644,0.11851859,0.08,194.25,223.75,-0.39296875,0.06770833333333348
0.6544985,1.4343998,-1.6386305,0.37876365,118.0,73.0,144.0,72.0,0.13446435,0.103178136,0.08,223.0,251.5,-0.303125,-0.04791666666666661
0.65449846,1.737493,-1.9379581,0.37499797,118.0,90.0,162.0,72.0,0.110587485,0.08485676,0.08,259.25,285.5,-0.18984374999999998,-0.18958333333333344
0.65449846,1.737493,-1.9379581,0.37499797,118.0,90.0,162.0,72.0,0.110587485,0.08485676,0.08,259.75,286.0,-0.18828124999999996,-0.19166666666666665
0.6544985,1.4343998,-1.6386305,0.37876365,118.0,73.0,144.0,72.0,0.13446435,0.103178136,0.08,224.25,252.5,-0.29921875,-0.05208333333333326
0.65449846,1.1848733,-1.3364435,0.32610315,118.0,58.0,127.0,69.0,0.15445644,0.11851859,0.08,194.25,223.5,-0.39296875,0.06875000000000009
0.65449846,1.1848733,-1.3364435,0.32610315,118.0,58.0,127.0,69.0,0.15445644,0.11851859,0.08,194.25,223.5,-0.39296875,0.06875000000000009
0.65449846,1.1848735,-1.3364438,0.3261032,118.0,58.0,127.0,69.0,0.15445642,0.11851858,0.08,194.25,223.5,-0.39296875,0.06875000000000009
0.65449846,1.1848735,-1.3364438,0.3261032,118.0,58.0,127.0,69.0,0.15445642,0.11851858,0.08,194.25,223.5,-0.39296875,0.06875000000000009
0.65449846,1.4343998,-1.6386306,0.37876368,118.0,73.0,144.0,72.0,0.13446435,0.10317813,0.08,223.0,251.5,-0.303125,-0.04791666666666661
0.65449846,1.7374932,-1.9379582,0.37499797,118.0,90.0,162.0,72.0,0.11058748,0.084856756,0.08,259.5,285.5,-0.18906250000000002,-0.18958333333333344
0.6544985,1.6541611,-1.863183,0.3835549,118.0,85.0,157.0,72.0,0.116974,0.089757316,0.08,249.75,276.0,-0.21953124999999996,-0.1499999999999999
0.65449846,1.4034688,-1.6038476,0.3749117,118.0,71.0,142.0,72.0,0.13696608,0.10509777,0.08,220.75,248.75,-0.31015625,-0.03645833333333326
0.65449846,1.4034688,-1.6038476,0.3749117,118.0,71.0,142.0,72.0,0.13696608,0.10509777,0.08,220.5,248.75,-0.3109375,-0.03645833333333326
0.6544985,1.6541611,-1.863183,0.3835549,118.0,85.0,157.0,72.0,0.116974,0.089757316,0.08,248.5,274.75,-0.22343749999999996,-0.14479166666666665
0.6544985,1.9192445,-2.0817986,0.33708704,118.0,100.0,170.0,70.0,0.097336225,0.07468872,0.08,276.25,301.25,-0.13671875,-0.25520833333333326
0.6544985,1.9192445,-2.0817986,0.33708704,118.0,100.0,170.0,70.0,0.097336225,0.07468872,0.08,276.5,301.0,-0.13593750000000004,-0.25416666666666665
0.87266463,1.9192445,-2.0817986,0.33708704,130.0,100.0,170.0,70.0,0.078863375,0.093985714,0.08,258.0,325.5,-0.19374999999999998,-0.35624999999999996
0.87266463,1.9192445,-2.0817986,0.33708704,130.0,100.0,170.0,70.0,0.078863375,0.093985714,0.08,258.0,325.25,-0.19374999999999998,-0.35520833333333335
0.87266463,1.6541611,-1.863183,0.3835549,130.0,85.0,157.0,72.0,0.09477422,0.112947516,0.08,226.75,306.5,-0.29140625,-0.27708333333333335
0.87266463,1.4034688,-1.6038476,0.3749117,130.0,71.0,142.0,72.0,0.110972114,0.13225141,0.08,191.5,286.0,-0.40156250000000004,-0.19166666666666665
0.87266463,1.4034688,-1.6038476,0.3749117,130.0,71.0,142.0,72.0,0.110972114,0.13225141,0.08,191.5,286.0,-0.40156250000000004,-0.19166666666666665
0.87266463,1.6541611,-1.863183,0.3835549,130.0,85.0,157.0,72.0,0.09477422,0.112947516,0.08,225.0,305.25,-0.296875,-0.2718750000000001
0.87266463,1.7374932,-1.9379582,0.37499797,130.0,90.0,162.0,72.0,0.08959975,0.10678083,0.08,239.0,312.75,-0.25312500000000004,-0.3031250000000001
0.8726647,1.4343998,-1.6386305,0.37876365,130.0,73.0,144.0,72.0,0.108945176,0.12983581,0.08,196.0,288.75,-0.38749999999999996,-0.203125
0.8726647,1.1848735,-1.3364438,0.3261032,130.0,58.0,127.0,69.0,0.12514307,0.14913972,0.08,160.25,267.5,-0.49921875000000004,-0.11458333333333326
0.8726647,1.1848735,-1.3364438,0.3261032,130.0,58.0,127.0,69.0,0.12514307,0.14913972,0.08,160.25,267.5,-0.49921875000000004,-0.11458333333333326
0.87266463,1.1848733,-1.3364437,0.32610318,130.0,58.0,127.0,69.0,0.12514308,0.14913972,0.08,160.0,267.5,-0.5,-0.11458333333333326
0.87266463,1.1848733,-1.3364437,0.32610318,130.0,58.0,127.0,69.0,0.12514308,0.14913972,0.08,160.25,267.5,-0.49921875000000004,-0.11458333333333326
0.8726647,1.4343998,-1.6386305,0.37876365,130.0,73.0,144.0,72.0,0.108945176,0.12983581,0.08,194.75,287.75,-0.39140624999999996,-0.19895833333333335
0.8726647,1.7374932,-1.9379581,0.37499797,130.0,90.0,162.0,72.0,0.08959975,0.106780834,0.08,238.5,312.5,-0.25468749999999996,-0.30208333333333326
0.8726647,1.7374932,-1.9379581,0.37499797,130.0,90.0,162.0,72.0,0.08959975,0.106780834,0.08,238.5,312.5,-0.25468749999999996,-0.30208333333333326
0.8726647,1.4343998,-1.6386305,0.37876365,130.0,73.0,144.0,72.0,0.108945176,0.12983581,0.08,196.0,288.0,-0.38749999999999996,-0.19999999999999996
0.87266463,1.1848733,-1.3364437,0.32610318,130.0,58.0,127.0,69.0,0.12514308,0.14913972,0.08,160.0,267.25,-0.5,-0.11354166666666665
0.87266463,1.1848733,-1.3364437,0.32610318,130.0,58.0,127.0,69.0,0.12514308,0.14913972,0.08,160.0,267.25,-0.5,-0.11354166666666665
0.8726647,1.1848735,-1.3364438,0.3261032,130.0,58.0,127.0,69.0,0.12514307,0.14913972,0.08,160.0,267.25,-0.5,-0.11354166666666665
0.8726647,1.1848735,-1.3364438,0.3261032,130.0,58.0,127.0,69.0,0.12514307,0.14913972,0.08,160.0,267.25,-0.5,-0.11354166666666665
0.8726647,1.4343998,-1.6386305,0.37876365,130.0,73.0,144.0,72.0,0.108945176,0.12983581,0.08,195.0,288.0,-0.390625,-0.19999999999999996
0.87266463,1.7374932,-1.9379582,0.37499797,130.0,90.0,162.0,72.0,0.08959975,0.10678083,0.08,238.25,312.5,-0.25546875,-0.30208333333333326
0.87266463,1.6541611,-1.863183,0.3835549,130.0,85.0,157.0,72.0,0.09477422,0.112947516,0.08,226.75,305.75,-0.29140625,-0.2739583333333333
0.87266463,1.4034688,-1.6038476,0.3749117,130.0,71.0,142.0,72.0,0.110972114,0.13225141,0.08,191.5,285.75,-0.40156250000000004,-0.19062500000000004
0.87266463,1.4034688,-1.6038476,0.3749117,130.0,71.0,142.0,72.0,0.110972114,0.13225141,0.08,191.5,285.5,-0.40156250000000004,-0.18958333333333344
0.87266463,1.6541611,-1.863183,0.3835549,130.0,85.0,157.0,72.0,0.09477422,0.112947516,0.08,225.0,305.0,-0.296875,-0.27083333333333326
0.87266463,1.9192445,-2.0817986,0.33708704,130.0,100.0,170.0,70.0,0.078863375,0.093985714,0.08,258.5,324.25,-0.19218749999999996,-0.3510416666666667
0.87266463,1.9192445,-2.0817986,0.33708704,130.0,100.0,170.0,70.0,0.078863375,0.093985714,0.08,259.0,324.25,-0.19062500000000004,-0.3510416666666667
1.0908308,1.9192445,-2.0817986,0.33708704,143.0,100.0,170.0,70.0,0.056651767,0.10882703,0.08,246.5,353.5,-0.22968750000000004,-0.47291666666666665
1.0908308,1.9192445,-2.0817986,0.33708704,143.0,100.0,170.0,70.0,0.056651767,0.10882703,0.08,246.5,353.5,-0.22968750000000004,-0.47291666666666665
1.0908308,1.6541611,-1.8631831,0.3835549,143.0,85.0,157.0,72.0,0.06808137,0.1307831,0.08,211.5,342.5,-0.33906250000000004,-0.42708333333333326
1.0908308,1.4034688,-1.6038476,0.3749117,143.0,71.0,142.0,72.0,0.07971719,0.15313528,0.08,171.25,331.75,-0.46484375,-0.3822916666666667
1.0908308,1.4034688,-1.6038476,0.3749117,143.0,71.0,142.0,72.0,0.07971719,0.15313528,0.08,171.25,331.5,-0.46484375,-0.3812500000000001
1.0908308,1.6541611,-1.8631831,0.3835549,143.0,85.0,157.0,72.0,0.06808137,0.1307831,0.08,208.75,342.25,-0.34765625,-0.42604166666666665
1.0908308,1.7374932,-1.9379582,0.37499797,143.0,90.0,162.0,72.0,0.06436428,0.12364263,0.08,224.0,346.0,-0.30000000000000004,-0.44166666666666665
1.0908308,1.4343998,-1.6386306,0.37876368,143.0,73.0,144.0,72.0,0.07826113,0.15033823,0.08,176.75,333.0,-0.44765625,-0.38749999999999996
1.0908308,1.1848735,-1.3364438,0.3261032,143.0,58.0,127.0,69.0,0.08989694,0.17269042,0.08,135.75,321.25,-0.57578125,-0.33854166666666674
1.0908308,1.1848735,-1.3364438,0.3261032,143.0,58.0,127.0,69.0,0.08989694,0.17269042,0.08,135.75,321.25,-0.57578125,-0.33854166666666674
1.0908308,1.1848735,-1.3364438,0.3261032,143.0,58.0,127.0,69.0,0.08989695,0.17269042,0.08,136.0,321.25,-0.575,-0.33854166666666674
1.0908308,1.1848735,-1.3364438,0.3261032,143.0,58.0,127.0,69.0,0.08989695,0.17269042,0.08,135.75,321.25,-0.57578125,-0.33854166666666674
1.0908308,1.4343998,-1.6386306,0.37876368,143.0,73.0,144.0,72.0,0.07826113,0.15033823,0.08,174.75,332.5,-0.45390624999999996,-0.38541666666666674
1.0908308,1.737493,-1.9379581,0.37499797,143.0,90.0,162.0,72.0,0.064364284,0.12364264,0.08,224.25,346.0,-0.29921875,-0.44166666666666665
1.0908308,1.737493,-1.9379581,0.37499797,143.0,90.0,162.0,72.0,0.064364284,0.12364264,0.08,224.25,346.0,-0.29921875,-0.44166666666666665
1.0908308,1.4343998,-1.6386306,0.37876368,143.0,73.0,144.0,72.0,0.07826113,0.15033823,0.08,176.25,333.0,-0.44921875,-0.38749999999999996
1.0908308,1.1848735,-1.3364438,0.3261032,143.0,58.0,127.0,69.0,0.08989695,0.17269042,0.08,135.5,321.25,-0.5765625,-0.33854166666666674
1.0908308,1.1848735,-1.3364438,0.3261032,143.0,58.0,127.0,69.0,0.08989695,0.17269042,0.08,135.5,321.25,-0.5765625,-0.33854166666666674
1.0908308,1.1848735,-1.3364438,0.3261032,143.0,58.0,127.0,69.0,0.08989694,0.17269042,0.08,135.5,321.25,-0.5765625,-0.33854166666666674
1.0908308,1.1848735,-1.3364438,0.3261032,143.0,58.0,127.0,69.0,0.08989694,0.17269042,0.08,135.5,321.25,-0.5765625,-0.33854166666666674
1.0908308,1.4343998,-1.6386306,0.37876368,143.0,73.0,144.0,72.0,0.07826113,0.15033823,0.08,174.75,332.75,-0.45390624999999996,-0.38645833333333335
1.0908308,1.7374932,-1.9379582,0.37499797,143.0,90.0,162.0,72.0,0.06436428,0.12364263,0.08,224.0,346.0,-0.30000000000000004,-0.44166666666666665
1.0908308,1.6541611,-1.8631831,0.3835549,143.0,85.0,157.0,72.0,0.06808137,0.1307831,0.08,211.0,342.5,-0.34062499999999996,-0.42708333333333326
1.0908308,1.4034688,-1.6038476,0.3749117,143.0,71.0,142.0,72.0,0.07971719,0.15313528,0.08,171.25,331.5,-0.46484375,-0.3812500000000001
1.0908308,1.4034688,-1.6038476,0.3749117,143.0,71.0,142.0,72.0,0.07971719,0.15313528,0.08,171.5,331.5,-0.46406250000000004,-0.3812500000000001
1.0908308,1.6541611,-1.8631831,0.3835549,143.0,85.0,157.0,72.0,0.06808137,0.1307831,0.08,208.75,342.0,-0.34765625,-0.42500000000000004
1.0908308,1.9192445,-2.0817986,0.33708704,143.0,100.0,170.0,70.0,0.056651767,0.10882703,0.08,246.5,352.75,-0.22968750000000004,-0.4697916666666666
1.0908308,1.9192445,-2.0817986,0.33708704,143.0,100.0,170.0,70.0,0.056651767,0.10882703,0.08,246.25,352.75,-0.23046875,-0.4697916666666666
1.3089969,1.9192445,-2.0817986,0.33708704,155.0,100.0,170.0,70.0,0.031754415,0.118509084,0.08,241.5,386.25,-0.24531250000000004,-0.609375
1.3089969,1.9192445,-2.0817986,0.33708704,155.0,100.0,170.0,70.0,0.031754415,0.118509084,0.08,241.5,386.25,-0.24531250000000004,-0.609375
1.3089969,1.654161,-1.8631829,0.3835549,155.0,85.0,157.0,72.0,0.038160935,0.14241853,0.08,204.25,385.5,-0.36171875,-0.60625
1.3089969,1.4034688,-1.6038476,0.3749117,155.0,71.0,142.0,72.0,0.04468303,0.16675933,0.08,161.75,385.25,-0.49453125,-0.6052083333333333
1.3089969,1.4034688,-1.6038476,0.3749117,155.0,71.0,142.0,72.0,0.04468303,0.16675933,0.08,162.0,385.5,-0.49375,-0.60625
1.3089969,1.654161,-1.8631829,0.3835549,155.0,85.0,157.0,72.0,0.038160935,0.14241853,0.08,201.75,385.25,-0.36953125,-0.6052083333333333
1.3089969,1.7374932,-1.9379582,0.37499797,155.0,90.0,162.0,72.0,0.03607743,0.13464278,0.08,217.75,385.0,-0.31953125000000004,-0.6041666666666667
1.3089969,1.4343998,-1.6386306,0.37876368,155.0,73.0,144.0,72.0,0.043866888,0.16371343,0.08,167.75,384.25,-0.47578125000000004,-0.6010416666666667
1.3089969,1.1848735,-1.3364437,0.32610318,155.0,58.0,127.0,69.0,0.050388984,0.18805423,0.08,124.25,383.75,-0.61171875,-0.5989583333333333
1.3089969,1.1848735,-1.3364437,0.32610318,155.0,58.0,127.0,69.0,0.050388984,0.18805423,0.08,124.0,383.25,-0.6125,-0.596875
1.3089969,1.1848733,-1.3364437,0.32610318,155.0,58.0,127.0,69.0,0.050388988,0.18805423,0.08,124.0,383.25,-0.6125,-0.596875
1.3089969,1.1848733,-1.3364437,0.32610318,155.0,58.0,127.0,69.0,0.050388988,0.18805423,0.08,124.0,383.25,-0.6125,-0.596875
1.3089969,1.4343997,-1.6386304,0.37876365,155.0,73.0,144.0,72.0,0.043866888,0.16371344,0.08,166.0,384.0,-0.48124999999999996,-0.6000000000000001
1.3089969,1.737493,-1.9379581,0.37499797,155.0,90.0,162.0,72.0,0.036077432,0.1346428,0.08,218.25,384.0,-0.31796875,-0.6000000000000001
1.3089969,1.737493,-1.9379581,0.37499797,155.0,90.0,162.0,72.0,0.036077432,0.1346428,0.08,218.25,384.0,-0.31796875,-0.6000000000000001
1.3089969,1.4343997,-1.6386304,0.37876365,155.0,73.0,144.0,72.0,0.043866888,0.16371344,0.08,168.0,383.0,-0.475,-0.5958333333333334
1.3089969,1.1848733,-1.3364437,0.32610318,155.0,58.0,127.0,69.0,0.050388988,0.18805423,0.08,124.75,382.0,-0.61015625,-0.5916666666666666
1.3089969,1.1848733,-1.3364437,0.32610318,155.0,58.0,127.0,69.0,0.050388988,0.18805423,0.08,124.75,382.0,-0.61015625,-0.5916666666666666
1.3089969,1.1848735,-1.3364437,0.32610318,155.0,58.0,127.0,69.0,0.050388984,0.18805423,0.08,124.75,382.0,-0.61015625,-0.5916666666666666
1.3089969,1.1848735,-1.3364437,0.32610318,155.0,58.0,127.0,69.0,0.050388984,0.18805423,0.08,124.75,382.0,-0.61015625,-0.5916666666666666
1.3089969,1.4343998,-1.6386306,0.37876368,155.0,73.0,144.0,72.0,0.043866888,0.16371343,0.08,166.25,383.0,-0.48046875,-0.5958333333333334
1.3089969,1.7374932,-1.9379582,0.37499797,155.0,90.0,162.0,72.0,0.03607743,0.13464278,0.08,217.75,383.5,-0.31953125000000004,-0.5979166666666667
1.3089969,1.654161,-1.8631829,0.3835549,155.0,85.0,157.0,72.0,0.038160935,0.14241853,0.08,203.75,383.5,-0.36328125,-0.5979166666666667
1.3089969,1.4034688,-1.6038476,0.3749117,155.0,71.0,142.0,72.0,0.04468303,0.16675933,0.08,162.75,382.75,-0.49140625000000004,-0.5947916666666666
1.3089969,1.4034688,-1.6038476,0.3749117,155.0,71.0,142.0,72.0,0.04468303,0.16675933,0.08,162.75,382.75,-0.49140625000000004,-0.5947916666666666
1.3089969,1.654161,-1.8631829,0.3835549,155.0,85.0,157.0,72.0,0.038160935,0.14241853,0.08,202.25,383.75,-0.36796874999999996,-0.5989583333333333
1.3089969,1.9192445,-2.0817986,0.33708704,155.0,100.0,170.0,70.0,0.031754415,0.118509084,0.08,241.25,384.5,-0.24609375,-0.6020833333333333
1.3089969,1.9192445,-2.0817986,0.33708704,155.0,100.0,170.0,70.0,0.031754415,0.118509084,0.08,241.25,384.25,-0.24609375,-0.6010416666666667
