motor_0,motor_1,motor_2,motor_3,x_img,y_img,x_screen,y_screen
-1.5645670567151018,-0.20924964394672577,-0.3446875059003158,0.553937149601901,440,422,0.375,-0.7583333333333333
-1.5432831462351213,-0.36039744156558406,-0.1619135151367048,0.5223109566924452,451,419,0.40937500000000004,-0.7458333333333333
-1.5645670567066359,-0.20924978342652875,-0.34468736859166343,0.5539371520279994,440,422,0.375,-0.7583333333333333
-1.5707963267948966,-0.13701084294509874,-0.42631648437458225,0.5633273273068437,435,422,0.359375,-0.7583333333333333
-1.524119109071227,-0.5211947140169558,0.04879561670824643,0.4723990972241025,462,416,0.4437500000000001,-0.7333333333333334
-1.5087670957282837,-0.6786278843631243,0.2690760881670703,0.40955179580159656,473,413,0.4781249999999999,-0.7208333333333334
-1.5241191090573032,-0.5211949272311502,0.04879589746730717,0.4723990298188692,462,416,0.4437500000000001,-0.7333333333333334
-1.5707963267948966,-0.13701085841719413,-0.4263164704842421,0.563327328921582,435,422,0.359375,-0.7583333333333333
-1.5707963267948966,-0.04903235061098821,-0.5204911246273204,0.5695234751597485,429,422,0.34062499999999996,-0.7583333333333333
-1.564864908435164,-0.20728004502072297,-0.3469636173530669,0.5542436623640576,440,422,0.375,-0.7583333333333333
-1.5707963267948966,-0.019418470690064474,-0.5508752634474893,0.570293734057185,427,422,0.3343750000000001,-0.7583333333333333
-1.530556941048303,-0.4637209559924696,-0.02830489060439047,0.49202584654400794,458,417,0.4312499999999999,-0.7375
-1.4935501970624343,-0.8824898082091549,0.5709247291627162,0.3115650447393711,485,409,0.515625,-0.7041666666666666
-1.4821049503680381,-1.1075140929723228,0.9203451010245013,0.18716761468723592,496,407,0.55,-0.6958333333333333
-1.493550174298543,-0.8827979632941155,0.5713972492084287,0.311400778046816,485,409,0.515625,-0.7041666666666666
-1.4994049848453654,-0.7959003551861064,0.4407080800035812,0.3551922779581322,480,411,0.5,-0.7124999999999999
-1.471361794147647,-1.3899314753673304,1.372198205868341,0.017668577881309606,503,404,0.5718749999999999,-0.6833333333333333
-1.4624396464316618,-1.510739066230765,1.5634591989903492,-0.05297376864568663,503,402,0.5718749999999999,-0.675
-1.4713607048108734,-1.509479398166325,1.5678759959677706,-0.058460831271125176,504,404,0.575,-0.6833333333333333
-1.499371499647525,-1.372972933077507,1.3632851174034326,0.010005330135507804,505,410,0.578125,-0.7083333333333333
-1.493549994016283,-0.8852397815751392,0.5751431198922382,0.31009750480629145,486,409,0.51875,-0.7041666666666666
-1.482104948899689,-1.1075408048335662,0.9203878387598339,0.1871515976399461,496,407,0.55,-0.6958333333333333
-1.4935501742979411,-0.8827980065803839,0.5713973155861358,0.3114007549691827,485,409,0.515625,-0.7041666666666666
-1.5305569410370616,-0.46372115544011133,-0.028304638209573723,0.4920257937582308,458,417,0.4312499999999999,-0.7375
-1.5707963267948966,-0.019418506609751793,-0.5508752359014344,0.5702937425205642,427,422,0.3343750000000001,-0.7583333333333333
-1.5707963267948966,0.10022399463059783,-0.6668498766827056,0.5666258818533693,420,422,0.3125,-0.7583333333333333
-1.5502451967869282,-0.3084384429356834,-0.22651106549757014,0.5349495084118518,447,420,0.3968750000000001,-0.75
-1.5311577207469493,-0.4585568259779253,-0.0351383379213221,0.4936951638794946,458,417,0.4312499999999999,-0.7375
-1.5539961603296237,-0.2815410248441947,-0.25923586527126885,0.5407768901262352,445,420,0.390625,-0.75
-1.5047389313561466,-0.7264912671716346,0.33841743039164096,0.3880738348530057,476,412,0.48750000000000004,-0.7166666666666666
-1.4752296941130025,-1.2904896971773194,1.2123680305067523,0.0780994222841616,501,405,0.565625,-0.6875
-1.4658878845104968,-1.4937985759942045,1.5382596051794717,-0.04463498028687614,503,403,0.5718749999999999,-0.6791666666666667
-1.4752261474111699,-1.487238568082711,1.5342390761868312,-0.046990371146675015,504,405,0.575,-0.6875
-1.4799618107013341,-1.430728521491171,1.4448583455063564,-0.014047165451100104,504,406,0.575,-0.6916666666666667
-1.4570176528321004,-1.5170514746018697,1.5698669122883677,-0.05319928911229355,503,401,0.5718749999999999,-0.6708333333333334
-1.4570176527606753,-1.517617939320726,1.5707895067422621,-0.05355571261462541,503,401,0.5718749999999999,-0.6708333333333334
-1.479961352354165,-1.5074289404358538,1.5707963267948966,-0.06334707132813526,504,406,0.575,-0.6916666666666667
-1.475226109602888,-1.5093112636809836,1.570446379620814,-0.061124218968499275,504,405,0.575,-0.6875
-1.4658878552756291,-1.5136430071647942,1.5706944430852956,-0.057229870303627584,504,403,0.575,-0.6791666666666667
-1.4752261095973251,-1.5095299705529612,1.5707963267948966,-0.061264266499611544,504,405,0.575,-0.6875
-1.5046978068819516,-1.5038355727027328,1.5707963267948966,-0.07958700868868072,505,410,0.578125,-0.7083333333333333
-1.5539658384779942,-1.5707963267948966,1.5707963267948966,-0.6156470882374463,499,411,0.559375,-0.7124999999999999
-1.5311092523921064,-1.5707963267948966,1.5707963267948966,-0.38740583233105697,501,409,0.565625,-0.7041666666666666
-1.5502144185804625,-1.5707963267948966,1.5707963267948966,-0.5987142395794812,499,411,0.559375,-0.7124999999999999
-1.4935228947688315,-1.5455001853808392,1.5707963267948966,-0.09817813238394979,502,405,0.5687500000000001,-0.6875
-1.4820931440948804,-1.5075859093965782,1.5707963267948966,-0.06500566126701812,504,406,0.575,-0.6916666666666667
-1.4935227226397354,-1.501908282925603,1.5707963267948966,-0.0698081299149371,505,408,0.578125,-0.7
-1.499370160254874,-1.4997185500208619,1.5707963267948966,-0.07279990911727888,505,410,0.578125,-0.7083333333333333
-1.471360704557972,-1.5109298469991446,1.5702517371127285,-0.05938624893103238,504,404,0.575,-0.6833333333333333
-1.4624396447403512,-1.515206862155659,1.5707516857336854,-0.055799990414978594,503,402,0.5718749999999999,-0.675
-1.4713607045419776,-1.5112645090637207,1.5707963267948966,-0.05959976978806037,504,404,0.575,-0.6833333333333333
-1.4993701611735801,-1.5013797542247502,1.5707963267948966,-0.07388693942538477,505,409,0.578125,-0.7041666666666666
-1.4935227226178518,-1.5018209127577506,1.5707963267948966,-0.06975124767215872,505,408,0.578125,-0.7
-1.4820931440331444,-1.504943999546385,1.568381765177277,-0.06330316322806681,504,406,0.575,-0.6916666666666667
-1.4935230636941261,-1.4368416026376682,1.4645879781207143,-0.027461560932347272,505,408,0.578125,-0.7
-1.53055694055703,-0.4637275694997328,-0.028296521384223044,0.492024096182712,458,417,0.4312499999999999,-0.7375
-1.5707963267948966,-0.019418506610691534,-0.5508752359007163,0.5702937425207881,427,422,0.3343750000000001,-0.7583333333333333
-1.5648649084375084,-0.2072800440330051,-0.34696361832306055,0.5542436623445194,440,422,0.375,-0.7583333333333333
-1.5707963267948966,-0.049032357411757724,-0.5204911192005236,0.5695234765502203,429,422,0.34062499999999996,-0.7583333333333333
-1.5707963267948966,-0.1370108357335761,-0.4263164908488482,0.5633273265542132,435,422,0.359375,-0.7583333333333333
-1.5241191090713664,-0.5211947140169543,0.04879561670824392,0.4723990972241033,462,416,0.4437500000000001,-0.7333333333333334
-1.5087670957300772,-0.678627884363123,0.26907608816706813,0.40955179580159723,473,413,0.4781249999999999,-0.7208333333333334
-1.5241191090538504,-0.5211949272311506,0.04879589746730569,0.4723990298188709,462,416,0.4437500000000001,-0.7333333333333334
-1.5707963267948966,-0.13701085841719018,-0.42631647048424676,0.5633273289215828,435,422,0.359375,-0.7583333333333333
-1.5645670567082022,-0.20924977563305627,-0.34468737626382384,0.5539371518924424,440,422,0.375,-0.7583333333333333
-1.5432831462304406,-0.360397441565592,-0.16191351513669586,0.5223109566924443,451,419,0.40937500000000004,-0.7458333333333333
-1.564567056706646,-0.20924978342652728,-0.34468736859166554,0.5539371520280003,440,422,0.375,-0.7583333333333333
-1.16989491778366,-0.03891538547384459,-0.530946117343075,0.5698615028616688,420,380,0.3125,-0.5833333333333333
-1.1484309221219797,-0.1993072887035788,-0.3561483860924221,0.5554556747857748,429,373,0.34062499999999996,-0.5541666666666667
-1.1698949177818163,-0.038915384819725826,-0.5309461178579831,0.5698615027208541,420,380,0.3125,-0.5833333333333333
-1.181400953107502,0.04046131687724659,-0.6102761977362281,0.5698148809273842,415,383,0.296875,-0.5958333333333334
-1.1294320615081122,-0.3622140077784086,-0.15962281128331,0.5218368190372181,438,366,0.3687499999999999,-0.5249999999999999
-1.114430965608959,-0.5140813930930231,0.03915087238657183,0.47493052067063113,447,359,0.3968750000000001,-0.49583333333333335
-1.1294320615085833,-0.3622140391230188,-0.15962277484695414,0.5218368139819515,438,366,0.3687499999999999,-0.5249999999999999
-1.1814009531091447,0.040461218276440905,-0.6102761278396179,0.5698149098878562,415,383,0.296875,-0.5958333333333334
-1.1964322513646055,0.13954238277037817,-0.7026056446728314,0.5630632623464605,411,386,0.28437500000000004,-0.6083333333333334
-1.1701980678806558,-0.03677548613150772,-0.5331475519086952,0.5699230379870643,419,380,0.30937499999999996,-0.5833333333333333
-1.2017288734055924,0.17352238276512114,-0.7325818265783177,0.5590594454143544,409,387,0.27812499999999996,-0.6125
-1.1357803351256137,-0.3048716368399849,-0.23087906457913915,0.5357507013941786,435,368,0.359375,-0.5333333333333334
-1.0997495564655488,-0.6974946354053174,0.2962869585883475,0.40120767573890836,457,352,0.4281250000000001,-0.46666666666666656
-1.088827662045224,-0.8761002353377297,0.5612248514295772,0.31487536625177426,466,345,0.45625000000000004,-0.4375
-1.0997495560242376,-0.6975001517469273,0.2962949198213941,0.4012052329495947,457,352,0.4281250000000001,-0.46666666666666656
-1.1053764220535325,-0.6216588791264852,0.18792196344121287,0.4337369157852489,453,355,0.4156249999999999,-0.47916666666666674
-1.0786630417283438,-1.116036446039027,0.9337977852511253,0.18223642799618472,475,338,0.484375,-0.40833333333333344
-1.0702848984992535,-1.4026263441418216,1.3930980884033637,0.009468240808790667,481,334,0.503125,-0.3916666666666666
-1.078659507066896,-1.1862121595291077,1.0467497026060144,0.13948453638103772,479,337,0.49687499999999996,-0.40416666666666656
-1.1053764216625221,-0.6216638303458857,0.18792886692697627,0.43373496582240617,453,355,0.4156249999999999,-0.47916666666666674
-1.0997495562995019,-0.6974967037620294,0.29628994365621275,0.40120675981595616,457,352,0.4281250000000001,-0.46666666666666656
-1.0888276620443924,-0.8761002358028853,0.5612248521416338,0.31487536600502175,466,345,0.45625000000000004,-0.4375
-1.0997495560236448,-0.6975001517469372,0.296294919821408,0.4012052329495912,457,352,0.4281250000000001,-0.46666666666666656
-1.1357803351247893,-0.3048716759293662,-0.23087902165657825,0.5357506976158276,435,368,0.359375,-0.5333333333333334
-1.201728873386187,0.17352174117917366,-0.7325814384466143,0.5590597005462187,409,387,0.27812499999999996,-0.6125
-1.2242272970698336,0.31439430935095053,-0.8479879651909846,0.5335936679165514,403,392,0.2593749999999999,-0.6333333333333333
-1.15540932804383,-0.14499684848870967,-0.4174811426752092,0.5624779911187386,425,375,0.328125,-0.5625
-1.1363745181419542,-0.29967114643662396,-0.23723220033815895,0.5369033467664398,434,369,0.35624999999999996,-0.5375000000000001
-1.1591861763299918,-0.116549229741641,-0.4487376824119361,0.5652869121747031,424,376,0.32499999999999996,-0.5666666666666667
-1.1105265541299572,-0.5586227983061067,0.10000302386313417,0.45861977429490564,450,358,0.40625,-0.4916666666666667
-1.0823137403758534,-1.0169993644015858,0.7781224074440983,0.23887652377408183,472,341,0.4750000000000001,-0.4208333333333334
-1.073514604078026,-1.2934161729696494,1.2172803485875205,0.0761176319823003,479,335,0.49687499999999996,-0.39583333333333326
-1.082313265146794,-1.024453681257559,0.789893482544801,0.2345622385003199,473,340,0.4781249999999999,-0.41666666666666674
-1.086801586072159,-0.9164166434261115,0.6226652323314962,0.2937514545481655,468,344,0.4624999999999999,-0.43333333333333335
-1.0652280361097628,-1.4808442816006677,1.5168035239626705,-0.03613896015441541,481,332,0.503125,-0.3833333333333333
-1.065227957590029,-1.5109230465950279,1.5659569297098428,-0.055220348234244494,481,332,0.503125,-0.3833333333333333
-1.0867773375827854,-1.4219526784538605,1.4385539499213447,-0.016352068067193234,483,336,0.5093749999999999,-0.3999999999999999
-1.0823110071381699,-1.0608329807546888,0.847590249982411,0.21325739653315265,476,339,0.48750000000000004,-0.4125000000000001
-1.0735145105153796,-1.29638877433548,1.22212128997078,0.07424999353460977,479,335,0.49687499999999996,-0.39583333333333326
-1.0823132523527343,-1.0246552743049335,0.7902120693499719,0.2344453121331533,473,340,0.4781249999999999,-0.41666666666666674
-1.110526554046431,-0.5586238944103927,0.10000450080684493,0.45861939408329594,450,358,0.40625,-0.4916666666666667
-1.159186176329417,-0.11654924508367348,-0.4487376690066522,0.5652869141453492,424,376,0.32499999999999996,-0.5666666666666667
-1.1363745181407274,-0.29967114541131296,-0.23723220145784374,0.5369033468593525,434,369,0.35624999999999996,-0.5375000000000001
-1.155409328040811,-0.14499687672575037,-0.4174811170577247,0.5624779937976001,425,375,0.328125,-0.5625
-1.2242272968642511,0.3143859460883286,-0.8479835470555852,0.5335976331684968,403,392,0.2593749999999999,-0.6333333333333333
-1.2017288734400102,0.17352350919810314,-0.7325825080211231,0.5590589974787805,409,387,0.27812499999999996,-0.6125
-1.1357803351279199,-0.30487163683994567,-0.23087906457918173,0.5357507013941817,435,368,0.359375,-0.5333333333333334
-1.0997495564641788,-0.6974946354053156,0.2962869585883444,0.40120767573890953,457,352,0.4281250000000001,-0.46666666666666656
-1.0888276620431911,-0.8761002353377318,0.5612248514295782,0.3148753662517758,466,345,0.45625000000000004,-0.4375
-1.0997495560271016,-0.6975001517469238,0.29629491982138983,0.4012052329495959,457,352,0.4281250000000001,-0.46666666666666656
-1.1053764220566773,-0.621658879126486,0.1879219634412141,0.4337369157852489,453,355,0.4156249999999999,-0.47916666666666674
-1.0786630417278698,-1.1160364460390269,0.933797785251124,0.1822364279961905,475,338,0.484375,-0.40833333333333344
-1.0702848984988946,-1.4026263441417997,1.3930980884034039,0.00946824080881877,481,334,0.503125,-0.3916666666666666
-1.0786595070688256,-1.1862121595290849,1.046749702606092,0.13948453638114813,479,337,0.49687499999999996,-0.40416666666666656
-1.105376421662481,-0.6216638303458875,0.1879288669269779,0.43373496582240595,453,355,0.4156249999999999,-0.47916666666666674
-1.0997495562992836,-0.6974967037620322,0.2962899436562157,0.40120675981595605,457,352,0.4281250000000001,-0.46666666666666656
-1.088827662044714,-0.8761002358028853,0.5612248521416354,0.3148753660050201,466,345,0.45625000000000004,-0.4375
-1.099749556025723,-0.6975001517469375,0.29629491982140876,0.4012052329495912,457,352,0.4281250000000001,-0.46666666666666656
-1.1357803351238513,-0.3048716759293681,-0.2308790216565757,0.5357506976158269,435,368,0.359375,-0.5333333333333334
-1.201728873389969,0.17352174117917712,-0.7325814384466205,0.5590597005462217,409,387,0.27812499999999996,-0.6125
-1.1701980678794288,-0.03677548158346735,-0.5331475554785382,0.5699230369976885,419,380,0.30937499999999996,-0.5833333333333333
-1.196432251356322,0.13954226277499565,-0.7026055692808406,0.5630633072660485,411,386,0.28437500000000004,-0.6083333333333334
-1.181400953112035,0.04046137869213516,-0.6102762415558596,0.5698148627714618,415,383,0.296875,-0.5958333333333334
-1.1294320615103859,-0.36221400777840446,-0.1596228112833156,0.5218368190372188,438,366,0.3687499999999999,-0.5249999999999999
-1.1144309656106806,-0.5140813930930219,0.039150872386570154,0.4749305206706313,447,359,0.3968750000000001,-0.49583333333333335
-1.1294320615057174,-0.36221403912302147,-0.1596227748469501,0.5218368139819503,438,366,0.3687499999999999,-0.5249999999999999
-1.1814009531022962,0.040461218276435555,-0.6102761278396105,0.5698149098878543,415,383,0.296875,-0.5958333333333334
-1.1698949177835052,-0.038915358083741886,-0.5309461389039996,0.5698614969653168,420,380,0.3125,-0.5833333333333333
-1.148430922123019,-0.19930728870357717,-0.35614838609242416,0.5554556747857751,429,373,0.34062499999999996,-0.5541666666666667
-1.1698949177761424,-0.03891538481972907,-0.5309461178579776,0.5698615027208518,420,380,0.3125,-0.5833333333333333
-0.7304901129085865,0.11650829262975111,-0.681798854881949,0.5652905626964446,385,348,0.203125,-0.44999999999999996
-0.7136149785694227,-0.06016308525165866,-0.5088988611482367,0.5690619463608173,391,339,0.22187500000000004,-0.4125000000000001
-0.7304901129093611,0.11650826627654706,-0.6817988378755883,0.5652905721128622,385,348,0.203125,-0.44999999999999996
-0.7396748190470264,0.20733298135335906,-0.7615685783870612,0.5542355983631704,382,352,0.1937500000000001,-0.46666666666666656
-0.6989488305474324,-0.2317794287092985,-0.31845358405624596,0.5502330127404934,397,329,0.2406250000000001,-0.37083333333333335
-0.6875412729999627,-0.38559991664399246,-0.12994232178047263,0.5155422384130026,403,319,0.2593749999999999,-0.3291666666666666
-0.6989488305480797,-0.23177944866290728,-0.3184535638711779,0.550233012543505,397,329,0.2406250000000001,-0.37083333333333335
-0.739674819003727,0.20733141245800862,-0.7615676625390095,0.5542362554599043,382,352,0.1937500000000001,-0.46666666666666656
-0.7518247695456052,0.3244939141197555,-0.8557316013988903,0.5312376993106872,379,358,0.18437499999999996,-0.4916666666666667
-0.7307308245517162,0.11892539519919743,-0.6840006966174611,0.5650753006368562,385,348,0.203125,-0.44999999999999996
-0.7561477529169083,0.36576604051397116,-0.8866739226059629,0.5209079259132137,378,359,0.1812499999999999,-0.49583333333333335
-0.70382178542085,-0.17218499274252674,-0.3870479470299638,0.5592329397286574,395,332,0.234375,-0.3833333333333333
-0.6765190477157145,-0.5634901573398708,0.10671804633170148,0.45677211086451336,410,308,0.28125,-0.28333333333333344
-0.6684079470843073,-0.7267575669261735,0.33880605116493,0.3879515148189545,416,299,0.30000000000000004,-0.24583333333333335
-0.6765190476807154,-0.5634905927501712,0.10671863469132559,0.4567719581603798,410,308,0.28125,-0.28333333333333344
-0.6807271423547703,-0.49104038693307067,0.008106702481125607,0.482933684467971,407,313,0.2718750000000001,-0.3041666666666667
-0.6609251481179995,-0.9256604237475954,0.6368206408933685,0.28883970313572377,422,289,0.3187500000000001,-0.2041666666666666
-0.6548010714296588,-1.1701278763366725,1.0197608031607495,0.15036342986603443,428,280,0.3374999999999999,-0.16666666666666674
-0.6609250874428643,-0.9265127921590773,0.6381413681085192,0.28837161790649596,422,289,0.3187500000000001,-0.2041666666666666
-0.6807271423402307,-0.49104058568162623,0.00810695896847438,0.4829336268745715,407,313,0.2718750000000001,-0.3041666666666667
-0.6765190476993945,-0.5634903518368694,0.10671830915086102,0.45677204265187865,410,308,0.28125,-0.28333333333333344
-0.6684079470821034,-0.7267575669286398,0.33880605116853074,0.38795151481782064,416,299,0.30000000000000004,-0.24583333333333335
-0.676519047683524,-0.5634905927501679,0.10671863469132245,0.4567719581603799,410,308,0.28125,-0.28333333333333344
-0.7038217854196637,-0.17218503141648125,-0.38704791068674704,0.5592329421362966,395,332,0.234375,-0.3833333333333333
-0.7561477525491723,0.365750473418174,-0.8866660302472285,0.520915636411011,378,359,0.1812499999999999,-0.49583333333333335
-0.7747599258217079,0.5439870675563976,-1.0081213857592304,0.46413469089622617,374,366,0.16874999999999996,-0.5249999999999999
-0.7190651304996264,-0.001273957773155866,-0.5691624852459279,0.570436442665769,389,342,0.21562499999999996,-0.42500000000000004
-0.7042792587841846,-0.1667378575391936,-0.3931888452557936,0.559926702782245,395,333,0.234375,-0.38749999999999996
-0.722029374129567,0.029939445057073685,-0.6000358180001171,0.5700963730821835,388,344,0.2124999999999999,-0.43333333333333335
-0.6845964320998956,-0.4296200021706581,-0.07313265762822924,0.5027526597578279,405,317,0.265625,-0.3208333333333333
-0.6636055374572865,-0.8464792459303987,0.516440130779075,0.33003909801997033,420,293,0.3125,-0.22083333333333344
-0.6571578946529629,-1.0621164662353686,0.8487724986757064,0.21334332533743686,426,284,0.33125000000000004,-0.18333333333333335
-0.663605526962345,-0.8466178231801621,0.5166505844423493,0.3299672659833882,420,293,0.3125,-0.22083333333333344
-0.6669114894814471,-0.761667278501928,0.39001086651787764,0.3716564133568538,417,297,0.3031250000000001,-0.23750000000000004
-0.6511239567789604,-1.3517467853723628,1.3108426250440066,0.04086067495123319,430,276,0.34375,-0.1499999999999999
-0.6511226599311767,-1.4226746177824385,1.4268175486292762,-0.004178031403638395,431,275,0.34687500000000004,-0.14583333333333326
-0.6669114390594794,-0.7623073501562374,0.3909575481255949,0.37135002152590035,417,297,0.3031250000000001,-0.23750000000000004
-0.6636055346828653,-0.8465159183486409,0.5164958232250271,0.3300200897362571,420,293,0.3125,-0.22083333333333344
-0.6571578946430018,-1.0621166546814451,0.8487727982328954,0.21334321428888514,426,284,0.33125000000000004,-0.18333333333333335
-0.6636055269637213,-0.8466178233057985,0.5166505846331555,0.32996726591825914,420,293,0.3125,-0.22083333333333344
-0.6845964320921542,-0.4296201287008689,-0.07313250167006269,0.5027526304459121,405,317,0.265625,-0.3208333333333333
-0.7220293741292169,0.029939376314212514,-0.6000357686030638,0.5700963926057576,388,344,0.2124999999999999,-0.43333333333333335
-0.7042792587824988,-0.1667378563222233,-0.3931888463914613,0.5599267026984943,395,333,0.234375,-0.38749999999999996
-0.7190651304957525,-0.0012741263822850309,-0.569162359026786,0.570436485483282,389,342,0.21562499999999996,-0.42500000000000004
-0.7747599210529875,0.5437316701631179,-1.0080058055082453,0.4642749846547268,374,366,0.16874999999999996,-0.5249999999999999
-0.7561477538454099,0.36580521996041465,-0.8866937861837024,0.5208885200451904,378,359,0.1812499999999999,-0.49583333333333335
-0.7038217854235722,-0.1721849927406486,-0.3870479470317301,0.5592329397285416,395,332,0.234375,-0.3833333333333333
-0.6765190477145252,-0.5634901573398695,0.10671804633170001,0.4567721108645136,410,308,0.28125,-0.28333333333333344
-0.6684079470824389,-0.726757566926175,0.338806051164931,0.38795151481895523,416,299,0.30000000000000004,-0.24583333333333335
-0.6765190476827333,-0.5634905927501688,0.10671863469132355,0.4567719581603796,410,308,0.28125,-0.28333333333333344
-0.6807271423574915,-0.49104038693306884,0.008106702481122672,0.4829336844679718,407,313,0.2718750000000001,-0.3041666666666667
-0.6609251481172781,-0.9256604237475978,0.6368206408933715,0.2888397031357236,422,289,0.3187500000000001,-0.2041666666666666
-0.6548010714308193,-1.1701278763366814,1.0197608031607386,0.15036342986603202,428,280,0.3374999999999999,-0.16666666666666674
-0.6609250874439514,-0.9265127921590757,0.6381413681085172,0.2883716179064975,422,289,0.3187500000000001,-0.2041666666666666
-0.6807271423399649,-0.4910405856816271,0.008106958968476652,0.4829336268745702,407,313,0.2718750000000001,-0.3041666666666667
-0.6765190476991682,-0.563490351836871,0.10671830915086432,0.4567720426518772,410,308,0.28125,-0.28333333333333344
-0.66840794708448,-0.7267575669286376,0.3388060511685283,0.3879515148178214,416,299,0.30000000000000004,-0.24583333333333335
-0.6765190476819843,-0.5634905927501701,0.10671863469132584,0.45677195816037874,410,308,0.28125,-0.28333333333333344
-0.7038217854218904,-0.17218503141647923,-0.387047910686751,0.5592329421362984,395,332,0.234375,-0.3833333333333333
-0.7561477525526425,0.36575047341817835,-0.8866660302472309,0.5209156364110118,378,359,0.1812499999999999,-0.49583333333333335
-0.7307308245584689,0.11892546630081956,-0.684000742370614,0.5650752751006858,385,348,0.203125,-0.44999999999999996
-0.7518247694615161,0.3244906707831852,-0.8557299023758828,0.5312392513623062,379,358,0.18437499999999996,-0.4916666666666667
-0.7396748190823029,0.20733427025686052,-0.7615693307884525,0.5542350585343081,382,352,0.1937500000000001,-0.46666666666666656
-0.6989488305496491,-0.23177942870925566,-0.31845358405629004,0.5502330127404947,397,329,0.2406250000000001,-0.37083333333333335
-0.6875412730025632,-0.3855999166439909,-0.12994232178047468,0.5155422384130031,403,319,0.2593749999999999,-0.3291666666666666
-0.6989488305475605,-0.23177944866290903,-0.31845356387117585,0.5502330125435045,397,329,0.2406250000000001,-0.37083333333333335
-0.7396748189996063,0.207331412458007,-0.7615676625390067,0.5542362554599027,382,352,0.1937500000000001,-0.46666666666666656
-0.7304901129198471,0.11650857644203953,-0.6817990380328814,0.5652904612858047,385,348,0.203125,-0.44999999999999996
-0.713614978566361,-0.060163085251636286,-0.5088988611482521,0.5690619463608102,391,339,0.22187500000000004,-0.4125000000000001
-0.7304901129051435,0.11650826627654634,-0.6817988378755865,0.5652905721128608,385,348,0.203125,-0.44999999999999996
-0.2495197793036728,0.2157850373059285,-0.7686853732282976,0.5529003375206729,342,331,0.06875000000000009,-0.37916666666666665
-0.2429639368746038,0.024555808719531787,-0.5947636626498668,0.5702078537853917,344,321,0.07499999999999996,-0.3374999999999999
-0.24951977928143734,0.21578447445160315,-0.7686850474757965,0.5529005760694565,342,331,0.06875000000000009,-0.37916666666666665
-0.25312784473166416,0.3169533873883006,-0.8499563015798177,0.5330029235091348,341,336,0.06562500000000004,-0.3999999999999999
-0.23734035481907967,-0.15550418067377478,-0.40578434810584946,0.5612885287369415,346,309,0.08125000000000004,-0.2875000000000001
-0.233011947519162,-0.3129637589651386,-0.22095683002454497,0.5339205889809987,348,298,0.08749999999999991,-0.2416666666666667
-0.23734035481500612,-0.15550420791705757,-0.40578432304899037,0.561288530979427,346,309,0.08125000000000004,-0.2875000000000001
-0.2531278444639659,0.31694300298188227,-0.8499508274868692,0.5330078587575017,341,336,0.06562500000000004,-0.3999999999999999
-0.2579454842946931,0.4509676093984062,-0.9470958717758737,0.49612835166606506,339,342,0.059374999999999956,-0.42500000000000004
-0.2496139796272918,0.21845220667711496,-0.7709198037063553,0.5524675916837211,342,332,0.06875000000000009,-0.3833333333333333
-0.2596722847160144,0.4991920313392669,-0.979358883593669,0.48016716346934185,339,344,0.059374999999999956,-0.43333333333333335
-0.23920136044834608,-0.09353793446817395,-0.47357861563614323,0.5671165499963173,345,313,0.078125,-0.3041666666666667
-0.22886663762567902,-0.49082972736696634,0.007824277120513529,0.4830054501838958,350,285,0.09375,-0.1875
-0.22583876847831713,-0.6497769453159896,0.22778332518043043,0.42199361988841794,352,274,0.10000000000000009,-0.1416666666666666
-0.22886663761318293,-0.4908298654962415,0.007824455351899696,0.4830054101829118,350,285,0.09375,-0.1875
-0.2304450462525431,-0.41893929627653914,-0.08702756912611735,0.5059668654105216,349,290,0.09062499999999996,-0.20833333333333326
-0.22306213789445384,-0.8359917778067372,0.5006590017488387,0.3353327620416947,355,263,0.109375,-0.09583333333333344
-0.220801363737718,-1.0493874221415695,0.8287903216818374,0.22059658647725305,357,252,0.11562500000000009,-0.050000000000000044
-0.22306212949596013,-0.8361019836634752,0.5008258703623923,0.3352761346959039,355,263,0.109375,-0.09583333333333344
-0.23044504624391496,-0.4189393590837035,-0.0870274923815981,0.5059668515330414,349,290,0.09062499999999996,-0.20833333333333326
-0.22886663761822726,-0.4908297938239658,0.007824362871508827,0.48300543093855425,350,285,0.09375,-0.1875
-0.2258387684808281,-0.6497769453161811,0.22778332518070116,0.421993619888339,352,274,0.10000000000000009,-0.1416666666666666
-0.22886663761599493,-0.490829865496242,0.007824455351900121,0.4830054101829117,350,285,0.09375,-0.1875
-0.23920136044715604,-0.09353800758006993,-0.47357855369082386,0.5671165613303676,345,313,0.078125,-0.3041666666666667
-0.25967228256940506,0.4990839551626314,-0.9793087489310791,0.48022531873363844,339,344,0.059374999999999956,-0.43333333333333335
-0.26718524271095756,0.7148362373538558,-1.1084471431980125,0.3936133589317349,338,352,0.05624999999999991,-0.46666666666666656
-0.24507113833916708,0.08756584620275562,-0.6550920318563563,0.5675261836070721,343,324,0.07187499999999991,-0.3500000000000001
-0.23937646864405407,-0.0878453091558251,-0.47966250084101897,0.5675078099690433,345,313,0.078125,-0.3041666666666667
-0.2462212066655884,0.12124634617492752,-0.6861111040962707,0.5648647585716216,342,326,0.06875000000000009,-0.3583333333333334
-0.23190093860606575,-0.3573988164125534,-0.1656900922077496,0.5230889085920531,348,295,0.08749999999999991,-0.22916666666666674
-0.22405491782062414,-0.763047709828723,0.39204600765513037,0.3710016986717739,354,267,0.10624999999999996,-0.11250000000000004
-0.22167021283769098,-0.9569079165678268,0.6848890296834586,0.2720187968313915,356,256,0.11250000000000004,-0.06666666666666665
-0.22405491606955338,-0.7630699180118009,0.392078865237552,0.37099105683538436,354,267,0.10624999999999996,-0.11250000000000004
-0.22528220305348406,-0.6831238867143702,0.27554580684142277,0.4075780801698329,353,272,0.10312499999999991,-0.1333333333333333
-0.21944886681130907,-1.22864910219906,1.1131651903879345,0.11547323105567028,358,246,0.11874999999999991,-0.02499999999999991
-0.21944775343101913,-1.2575155888983522,1.1600139251750674,0.09749925162749898,358,245,0.11874999999999991,-0.02083333333333326
-0.22528220125528886,-0.683146406946366,0.2755781130147318,0.40756830309308767,353,272,0.10312499999999991,-0.1333333333333333
-0.224054917240633,-0.7630550317799508,0.39205684063514884,0.37099819013652213,354,267,0.10624999999999996,-0.11250000000000004
-0.2216702128392858,-0.9569079236001176,0.6848890406527995,0.2720187928966163,356,256,0.11250000000000004,-0.06666666666666665
-0.22405491607131653,-0.7630699180124437,0.3920788652385031,0.3709910568350766,354,267,0.10624999999999996,-0.11250000000000004
-0.2319009386016404,-0.3573988742388409,-0.16569002529169097,0.5230888995706898,348,295,0.08749999999999991,-0.22916666666666674
-0.2462212066584516,0.12124607120491925,-0.686110927637496,0.5648648578086802,342,326,0.06875000000000009,-0.3583333333333334
-0.23937646864636894,-0.08784530669581352,-0.4796625029094191,0.5675078095717501,345,313,0.078125,-0.3041666666666667
-0.2450711383112361,0.08756495055111846,-0.6550914334057677,0.5675264831684682,343,324,0.07187499999999991,-0.3500000000000001
-0.26718521675705903,0.7131081084087718,-1.107722689463289,0.3946195448375068,338,352,0.05624999999999991,-0.46666666666666656
-0.25967229178322265,0.4995493433719984,-0.9795246400029275,0.47997490146357535,339,344,0.059374999999999956,-0.43333333333333335
-0.2392013604490933,-0.09353793442909014,-0.473578615669259,0.5671165499902598,345,313,0.078125,-0.3041666666666667
-0.22886663762562232,-0.49082972736696634,0.007824277120513834,0.4830054501838955,350,285,0.09375,-0.1875
-0.22583876847890652,-0.6497769453159892,0.2277833251804308,0.4219936198884173,352,274,0.10000000000000009,-0.1416666666666666
-0.22886663761436843,-0.49082986549624363,0.007824455351901197,0.48300541018291243,350,285,0.09375,-0.1875
-0.23044504625024786,-0.41893929627654336,-0.08702756912611105,0.5059668654105195,349,290,0.09062499999999996,-0.20833333333333326
-0.2230621378960566,-0.8359917778067357,0.5006590017488375,0.3353327620416938,355,263,0.109375,-0.09583333333333344
-0.2208013637365075,-1.0493874221415695,0.8287903216818395,0.22059658647725458,357,252,0.11562500000000009,-0.050000000000000044
-0.22306212949442933,-0.8361019836634753,0.500825870362394,0.33527613469590273,355,263,0.109375,-0.09583333333333344
-0.23044504624649614,-0.41893935908370133,-0.0870274923815996,0.5059668515330406,349,290,0.09062499999999996,-0.20833333333333326
-0.22886663762178389,-0.49082979382397,0.007824362871514156,0.48300543093855364,350,285,0.09375,-0.1875
-0.22583876847828613,-0.6497769453161851,0.22778332518070887,0.4219936198883352,352,274,0.10000000000000009,-0.1416666666666666
-0.22886663761470982,-0.4908298654962423,0.00782445535190087,0.48300541018291127,350,285,0.09375,-0.1875
-0.23920136044342902,-0.09353800758007351,-0.47357855369081886,0.567116561330366,345,313,0.078125,-0.3041666666666667
-0.2596722825715405,0.49908395516262954,-0.9793087489310711,0.480225318733645,339,344,0.059374999999999956,-0.43333333333333335
-0.24961397964886467,0.2184527587750992,-0.770920122375796,0.5524673568377495,342,332,0.06875000000000009,-0.3833333333333333
-0.2579454837650925,0.4509422510232906,-0.9470837576830875,0.4961416491164834,339,342,0.059374999999999956,-0.42500000000000004
-0.2531278449835577,0.3169635854745105,-0.849961677449619,0.5329980768055544,341,336,0.06562500000000004,-0.3999999999999999
-0.2373403548151738,-0.15550418067327249,-0.4057843481063103,0.5612885287368988,346,309,0.08125000000000004,-0.2875000000000001
-0.233011947521015,-0.3129637589651356,-0.2209568300245492,0.5339205889809998,348,298,0.08749999999999991,-0.2416666666666667
-0.23734035481841004,-0.1555042079170555,-0.4057843230489933,0.5612885309794277,346,309,0.08125000000000004,-0.2875000000000001
-0.2531278444694728,0.3169430029818863,-0.8499508274868722,0.5330078587575025,341,336,0.06562500000000004,-0.3999999999999999
-0.24951977933762262,0.21578642734123502,-0.7686861777123032,0.5528997483959368,342,331,0.06875000000000009,-0.37916666666666665
-0.2429639368725397,0.02455580871996123,-0.5947636626501784,0.570207853785273,344,321,0.07499999999999996,-0.3374999999999999
-0.24951977928579128,0.2157844744516057,-0.7686850474757989,0.5529005760694564,342,331,0.06875000000000009,-0.37916666666666665
0.2492846437627637,0.21578569409046752,-0.7686857533429112,0.5529000591623171,295,332,-0.078125,-0.3833333333333333
0.24270208240815866,0.024555808722328553,-0.5947636626518872,0.5702078537846084,293,321,-0.08437499999999998,-0.3374999999999999
0.24928464379571832,0.21578447440687942,-0.7686850474499142,0.5529005760884129,295,332,-0.078125,-0.3833333333333333
0.252905234066709,0.3169533872476802,-0.8499563015056896,0.5330029235759647,296,337,-0.07499999999999996,-0.40416666666666656
0.23705031756764883,-0.1555041806727735,-0.4057843481067715,0.5612885287368605,291,309,-0.09062499999999996,-0.2875000000000001
0.23269581751765397,-0.31296375896490414,-0.22095683002480457,0.5339205889810235,289,298,-0.09687500000000004,-0.2416666666666667
0.23705031756733408,-0.15550420791730823,-0.4057843230487605,0.5612885309794485,291,309,-0.09062499999999996,-0.2875000000000001
0.2529052343317515,0.3169430025279082,-0.8499508272475583,0.5330078589732561,296,337,-0.07499999999999996,-0.40416666666666656
0.2577376725106637,0.45096760805302677,-0.9470958711331633,0.49612835237156155,297,343,-0.07187500000000002,-0.4291666666666667
0.24937918864839093,0.2184522067677543,-0.7709198037586721,0.5524675916451658,295,332,-0.078125,-0.3833333333333333
0.25946931677075286,0.4991920268530842,-0.9793588815125989,0.4801671658833041,297,345,-0.07187500000000002,-0.4375
0.23892128679924896,-0.0935379344657348,-0.4735786156382094,0.5671165499959391,291,313,-0.09062499999999996,-0.3041666666666667
0.22852084163587438,-0.4908297273643395,0.007824277117121256,0.4830054501846593,286,286,-0.10624999999999996,-0.19166666666666665
0.22546765686916698,-0.6497769453041952,0.22778332516376118,0.4219936198932879,284,275,-0.11250000000000004,-0.14583333333333326
0.22852084164496225,-0.4908298654976033,0.007824455353657283,0.4830054101825171,286,286,-0.10624999999999996,-0.19166666666666665
0.23011116231216563,-0.4189392962767925,-0.08702756912580976,0.5059668654104673,287,291,-0.10312500000000002,-0.2124999999999999
0.2226644573172672,-0.835991777219182,0.5006590008592059,0.335332762343583,282,263,-0.11875000000000002,-0.09583333333333344
0.22037903567238223,-1.0493874131070693,0.8287903073489633,0.22059659177263194,280,252,-0.125,-0.050000000000000044
0.22266446571571064,-0.8361019844356727,0.5008258715316415,0.3352761342991009,282,263,-0.11875000000000002,-0.09583333333333344
0.2301111623162518,-0.4189393590856411,-0.08702749237923053,0.5059668515326132,287,291,-0.10312500000000002,-0.2124999999999999
0.22852084164157666,-0.4908297938234428,0.007824362870831722,0.48300543093870774,286,286,-0.10624999999999996,-0.19166666666666665
0.22546765686958992,-0.6497769453043913,0.2277833251640371,0.4219936198932081,284,275,-0.11250000000000004,-0.14583333333333326
0.22852084164874353,-0.49082986549760255,0.007824455353656622,0.48300541018251664,286,286,-0.10624999999999996,-0.19166666666666665
0.23892128679938715,-0.09353800758103356,-0.47357855369000645,0.5671165613305161,291,313,-0.09062499999999996,-0.3041666666666667
0.25946931890378416,0.4990839483822444,-0.9793087457857864,0.48022532238218185,297,345,-0.07187500000000002,-0.4375
0.26700100544611993,0.7148362000387066,-1.1084471275522187,0.3936133806549188,299,352,-0.06562500000000004,-0.46666666666666656
0.2448185021474163,0.08756584624326076,-0.6550920318834229,0.5675261835935266,294,325,-0.08125000000000004,-0.35416666666666674
0.23909729796572582,-0.08784530915527564,-0.47966250084148115,0.5675078099689547,292,314,-0.08750000000000002,-0.30833333333333335
0.2459733367037728,0.12124634616524563,-0.6861111040900572,0.5648647585751151,294,327,-0.08125000000000004,-0.36250000000000004
0.23157735540107252,-0.3573988164116137,-0.16569009220883688,0.5230889085921996,288,295,-0.09999999999999998,-0.22916666666666674
0.22366714816918215,-0.7630477096581447,0.392046007402754,0.3710016987535142,283,267,-0.11562499999999998,-0.11250000000000004
0.22125776913686349,-0.9569079142181656,0.6848890260183315,0.2720187981460965,281,257,-0.12187499999999996,-0.0708333333333333
0.22366714991471318,-0.763069918181451,0.39207886548855425,0.3709910567540903,283,267,-0.11562499999999998,-0.11250000000000004
0.22490604456543237,-0.6831238867277638,0.27554580686063596,0.40757808016401864,284,273,-0.11250000000000004,-0.13749999999999996
0.21900782622625642,-1.22864902184565,1.1131650601595497,0.1154732809077802,279,246,-0.12812500000000004,-0.02499999999999991
0.21900893960962775,-1.2575155734683645,1.1600139000998257,0.09749926126835438,279,245,-0.12812500000000004,-0.02083333333333326
0.22490604636438985,-0.683146407327481,0.27557811356145867,0.40756830292762586,284,273,-0.11250000000000004,-0.13749999999999996
0.2236671487444029,-0.7630550317352408,0.39205684056900186,0.3709981901579443,283,267,-0.11562499999999998,-0.11250000000000004
0.2212577691389835,-0.9569079212505404,0.6848890369878025,0.2720187942112765,281,257,-0.12187499999999996,-0.0708333333333333
0.22366714991686656,-0.7630699181820914,0.3920788654895015,0.3709910567537836,283,267,-0.11562499999999998,-0.11250000000000004
0.23157735540273142,-0.3573988742398496,-0.1656900252905237,0.5230888995705323,288,295,-0.09999999999999998,-0.22916666666666674
0.24597333671651736,0.12124607118620293,-0.6861109276254826,0.5648648578154322,294,327,-0.08125000000000004,-0.36250000000000004
0.23909729797239263,-0.08784530669514966,-0.47966250290997475,0.5675078095716404,292,314,-0.08750000000000002,-0.30833333333333335
0.24481850218190385,0.08756495054633001,-0.6550914334025654,0.5675264831700674,294,325,-0.08125000000000004,-0.35416666666666674
0.26700103139390413,0.7131080427645728,-1.1077226619496556,0.3946195830634418,299,352,-0.06562500000000004,-0.46666666666666656
0.2594693096955496,0.4995493500501355,-0.9795246431009879,0.4799748978702944,297,345,-0.07187500000000002,-0.4375
0.23892128680106958,-0.09353793442665011,-0.47357861567132387,0.5671165499898794,291,313,-0.09062499999999996,-0.3041666666666667
0.22852084163626502,-0.4908297273643375,0.00782427711711952,0.4830054501846594,286,286,-0.10624999999999996,-0.19166666666666665
0.2254676568671271,-0.6497769453041926,0.2277833251637563,0.42199361989329015,284,275,-0.11250000000000004,-0.14583333333333326
0.22852084164618278,-0.49082986549760466,0.007824455353658777,0.4830054101825169,286,286,-0.10624999999999996,-0.19166666666666665
0.23011116231370884,-0.4189392962767943,-0.08702756912580628,0.5059668654104658,287,291,-0.10312500000000002,-0.2124999999999999
0.22266445731773796,-0.8359917772191812,0.5006590008592057,0.3353327623435826,282,263,-0.11875000000000002,-0.09583333333333344
0.2203790356746193,-1.0493874131070702,0.8287903073489695,0.2205965917726331,280,252,-0.125,-0.050000000000000044
0.22266446571678228,-0.8361019844356724,0.5008258715316414,0.33527613429910047,282,263,-0.11875000000000002,-0.09583333333333344
0.23011116231595852,-0.4189393590856429,-0.08702749237922737,0.5059668515326122,287,291,-0.10312500000000002,-0.2124999999999999
0.22852084164119335,-0.4908297938234446,0.007824362870833901,0.48300543093870757,286,286,-0.10624999999999996,-0.19166666666666665
0.2254676568677132,-0.6497769453043899,0.2277833251640371,0.4219936198932066,284,275,-0.11250000000000004,-0.14583333333333326
0.22852084164598455,-0.490829865497604,0.00782445535365858,0.4830054101825166,286,286,-0.10624999999999996,-0.19166666666666665
0.2389212868031729,-0.09353800758103684,-0.4735785536900026,0.5671165613305154,291,313,-0.09062499999999996,-0.3041666666666667
0.25946931890292296,0.49908394838224385,-0.9793087457857854,0.48022532238218774,297,345,-0.07187500000000002,-0.4375
0.24937918863309091,0.21845275889152557,-0.7709201224429925,0.5524673567882211,295,332,-0.078125,-0.3833333333333333
0.2577376730461862,0.45094224894813245,-0.9470837566917519,0.49614165020465933,297,343,-0.07187500000000002,-0.4291666666666667
0.252905233816201,0.31696358572216315,-0.8499616775801656,0.5329980766878543,296,337,-0.07499999999999996,-0.40416666666666656
0.2370503175664628,-0.15550418067226743,-0.4057843481072387,0.5612885287368207,291,309,-0.09062499999999996,-0.2875000000000001
0.23269581751343385,-0.31296375896490386,-0.2209568300248074,0.533920588981026,289,298,-0.09687500000000004,-0.2416666666666667
0.23705031756996076,-0.15550420791731073,-0.4057843230487592,0.5612885309794494,291,309,-0.09062499999999996,-0.2875000000000001
0.25290523433602136,0.3169430025279031,-0.8499508272475533,0.5330078589732549,296,337,-0.07499999999999996,-0.40416666666666656
0.24928464374553977,0.2157864273733295,-0.7686861777308752,0.5528997483823317,295,332,-0.078125,-0.3833333333333333
0.2427020824011445,0.024555808722559296,-0.5947636626520592,0.5702078537845485,293,321,-0.08437499999999998,-0.3374999999999999
0.24928464379336526,0.21578447440688128,-0.7686850474499175,0.5529005760884148,295,332,-0.078125,-0.3833333333333333
0.7302415795179793,0.11650859484887438,-0.6817990499112518,0.5652904547087454,252,349,-0.21250000000000002,-0.4541666666666666
0.713340165828636,-0.060163085249478096,-0.5088988611500018,0.5690619463603966,246,340,-0.23124999999999996,-0.41666666666666674
0.7302415795221696,0.11650826625411069,-0.6817988378611102,0.5652905721208796,252,349,-0.21250000000000002,-0.4541666666666666
0.7394385848517259,0.20733298129463043,-0.7615685783527768,0.554235598387766,255,354,-0.203125,-0.4750000000000001
0.6986462536895771,-0.2317794287074068,-0.3184535840581598,0.5502330127405121,239,330,-0.25312500000000004,-0.375
0.6872129627797233,-0.3855999166429509,-0.12994232178170936,0.5155422384131965,234,320,-0.26875000000000004,-0.33333333333333326
0.6986462536888135,-0.23177944866348282,-0.3184535638705953,0.5502330125434988,239,330,-0.25312500000000004,-0.375
0.7394385848979862,0.20733141224795626,-0.7615676624163875,0.5542362555478763,255,354,-0.203125,-0.4750000000000001
0.7516030458437855,0.3244939135949993,-0.8557316011239945,0.5312376995617988,258,359,-0.19374999999999998,-0.49583333333333335
0.7304826297966504,0.11892539523822886,-0.684000696642582,0.565075300622843,252,349,-0.21250000000000002,-0.4541666666666666
0.755930769717241,0.365766038684375,-0.8866739216783761,0.5209079268194267,259,360,-0.19062500000000004,-0.5
0.7035290284380797,-0.1721849927394059,-0.38704794703289663,0.5592329397284631,242,333,-0.24375000000000002,-0.38749999999999996
0.6761614580800336,-0.5634901573202765,0.10671804630522677,0.45677211087138286,227,309,-0.290625,-0.2875000000000001
0.6680253593455185,-0.7267575667981755,0.33880605097804595,0.3879515148777946,221,300,-0.30937499999999996,-0.25
0.6761614581162587,-0.5634905927618649,0.1067186347071295,0.4567719581562767,227,309,-0.290625,-0.2875000000000001
0.6803813117985696,-0.49104038693473634,0.008106702483277183,0.482933684467486,230,314,-0.28125,-0.30833333333333335
0.6605162893813245,-0.9256604165439589,0.6368206297328052,0.2888397070903401,215,290,-0.328125,-0.20833333333333326
0.6543670053142321,-1.1701277741470673,1.0197606384385374,0.15036349236617338,209,281,-0.34687500000000004,-0.1708333333333334
0.6605163500547977,-0.9265128072642811,0.638141391516494,0.28837160960857783,214,290,-0.33125000000000004,-0.20833333333333326
0.6803813118117876,-0.49104058569701664,0.008106958988338376,0.48293362687010927,230,314,-0.28125,-0.30833333333333335
0.6761614580973417,-0.5634903518326744,0.10671830914519356,0.45677204265334925,227,309,-0.290625,-0.2875000000000001
0.6680253593452055,-0.7267575668006439,0.3388060509816478,0.38795151487666146,221,300,-0.30937499999999996,-0.25
0.6761614581161233,-0.5634905927618633,0.10671863470712695,0.4567719581562774,227,309,-0.290625,-0.2875000000000001
0.7035290284376312,-0.17218503141819805,-0.3870479106851357,0.5592329421364057,242,333,-0.24375000000000002,-0.38749999999999996
0.7559307700909573,0.36575047042330533,-0.8866660287288598,0.5209156378943876,259,360,-0.19062500000000004,-0.5
0.7745612191646047,0.5439870512324101,-1.008121378371634,0.46413469986308187,263,367,-0.17812499999999998,-0.5291666666666666
0.7187993899301872,-0.001273957752185777,-0.5691624852616287,0.5704364426604462,248,343,-0.22499999999999998,-0.4291666666666667
0.7039873914973206,-0.16673785753840104,-0.3931888452565369,0.5599267027821943,242,334,-0.24375000000000002,-0.3916666666666666
0.72176832205338,0.029939445050805227,-0.6000358179956127,0.5700963730839639,249,345,-0.22187500000000004,-0.4375
0.6842607676487086,-0.4296200021661321,-0.0731326576338079,0.5027526597588767,232,318,-0.275,-0.32499999999999996
0.6632064907865495,-0.8464792439229589,0.5164401277305027,0.3300390990604597,217,294,-0.321875,-0.2250000000000001
0.656734288645513,-1.0621164356324218,0.8487724500287251,0.2133433433713053,211,284,-0.34062499999999996,-0.18333333333333335
0.6632065012822475,-0.8466178259291197,0.5166505886172215,0.3299672645583538,217,294,-0.321875,-0.2250000000000001
0.6665239181841878,-0.7616672786706855,0.3900108667674393,0.37165641327610766,220,298,-0.3125,-0.2416666666666667
0.6506657144479456,-1.3517463763283923,1.3108419572609329,0.04086093362979263,207,277,-0.353125,-0.15416666666666656
0.650667011303287,-1.4226744546365904,1.4268172815294449,-0.004177927463410832,206,276,-0.35624999999999996,-0.1499999999999999
0.6665239686082243,-0.7623073750570425,0.39095758495985605,0.3713500096009219,219,298,-0.31562500000000004,-0.2416666666666667
0.6632064935618054,-0.8465159177720519,0.5164958223493864,0.3300200900351238,217,294,-0.321875,-0.2250000000000001
0.6567342886557112,-1.0621166240827322,0.848772749592642,0.21334323232026142,211,284,-0.34062499999999996,-0.18333333333333335
0.6632065012828802,-0.8466178260547625,0.5166505888080359,0.329967264493222,217,294,-0.321875,-0.2250000000000001
0.6842607676600896,-0.4296201287071881,-0.07313250166227445,0.5027526304444482,232,318,-0.275,-0.32499999999999996
0.7217683220572481,0.029939376301122377,-0.6000357685936556,0.5700963926094736,249,345,-0.22187500000000004,-0.4375
0.7039873915008453,-0.16673785632126967,-0.39318884639235313,0.5599267026984309,242,334,-0.24375000000000002,-0.3916666666666666
0.7187993899413597,-0.001274126385739139,-0.5691623590241983,0.5704364854841573,248,343,-0.22499999999999998,-0.4291666666666667
0.774561223936569,0.5437316375278203,-1.0080057907394495,0.46427500258213955,263,367,-0.17812499999999998,-0.5291666666666666
0.7559307687938253,0.3658052221905372,-0.8866937873143509,0.5208885189405945,259,360,-0.19062500000000004,-0.5
0.7035290284355848,-0.17218499273752785,-0.38704794703466344,0.5592329397283481,242,333,-0.24375000000000002,-0.38749999999999996
0.6761614580827021,-0.5634901573202779,0.10671804630522884,0.4567721108713824,227,309,-0.290625,-0.2875000000000001
0.668025359347403,-0.7267575667981777,0.33880605097804983,0.38795151487779267,221,300,-0.30937499999999996,-0.25
0.6761614581134839,-0.5634905927618626,0.10671863470712627,0.4567719581562773,227,309,-0.290625,-0.2875000000000001
0.6803813117932127,-0.491040386934734,0.008106702483272079,0.48293368446748874,230,314,-0.28125,-0.30833333333333335
0.6605162893805743,-0.9256604165439609,0.6368206297328086,0.2888397070903382,215,290,-0.328125,-0.20833333333333326
0.6543670053136456,-1.1701277741470582,1.0197606384385371,0.1503634923661555,209,281,-0.34687500000000004,-0.1708333333333334
0.6605163500581774,-0.9265128072642835,0.638141391516494,0.2883716096085766,214,290,-0.33125000000000004,-0.20833333333333326
0.6803813118127812,-0.4910405856970186,0.008106958988340622,0.48293362687010927,230,314,-0.28125,-0.30833333333333335
0.6761614580931119,-0.5634903518326705,0.10671830914518819,0.45677204265335025,227,309,-0.290625,-0.2875000000000001
0.6680253593420652,-0.726757566800639,0.33880605098164224,0.3879515148766625,221,300,-0.30937499999999996,-0.25
0.6761614581136316,-0.5634905927618631,0.10671863470712703,0.45677195815627736,227,309,-0.290625,-0.2875000000000001
0.7035290284376373,-0.1721850314181979,-0.3870479106851357,0.559232942136406,242,333,-0.24375000000000002,-0.38749999999999996
0.7559307700874132,0.36575047042330366,-0.88666602872886,0.5209156378943923,259,360,-0.19062500000000004,-0.5
0.7304826297972952,0.11892546634990213,-0.684000742402198,0.565075275083058,252,349,-0.21250000000000002,-0.4541666666666666
0.7516030459159991,0.3244906699477517,-0.8557299019382447,0.5312392517620969,258,359,-0.19374999999999998,-0.49583333333333335
0.7394385848100545,0.20733427035178284,-0.7615693308438647,0.5542350584945532,255,354,-0.203125,-0.4750000000000001
0.6986462536882327,-0.23177942870736143,-0.3184535840582055,0.5502330127405126,239,330,-0.25312500000000004,-0.375
0.6872129627801082,-0.3855999166429517,-0.1299423217817089,0.5155422384131967,234,320,-0.26875000000000004,-0.33333333333333326
0.6986462536882828,-0.23177944866348246,-0.31845356387059753,0.5502330125435003,239,330,-0.25312500000000004,-0.375
0.7394385848981816,0.2073314122479537,-0.7615676624163877,0.5542362555478794,255,354,-0.203125,-0.4750000000000001
0.7302415795178332,0.11650857645668777,-0.6817990380423304,0.5652904612805669,252,349,-0.21250000000000002,-0.4541666666666666
0.7133401658295326,-0.060163085249478096,-0.5088988611500022,0.5690619463603972,246,340,-0.23124999999999996,-0.41666666666666674
0.7302415795229126,0.11650826625411094,-0.681798837861111,0.5652905721208804,252,349,-0.21250000000000002,-0.4541666666666666
1.1696234108431875,-0.03891534820605173,-0.5309461466795102,0.5698614948389127,218,381,-0.31875,-0.5874999999999999
1.1481337142392685,-0.19930728870255826,-0.35614838609341287,0.5554556747857426,209,374,-0.34687500000000004,-0.5583333333333333
1.1696234108466785,-0.038915384822907136,-0.5309461178554752,0.569861502721535,218,381,-0.31875,-0.5874999999999999
1.181141461441858,0.040461316872328124,-0.6102761977327403,0.5698148809288277,222,384,-0.30625,-0.6000000000000001
1.1291076707269394,-0.36221400777486173,-0.15962281128743172,0.5218368190377886,199,367,-0.37812500000000004,-0.5291666666666666
1.1140813630358026,-0.5140813930866586,0.03915087237822955,0.47493052067260344,190,361,-0.40625,-0.5041666666666667
1.129107670725619,-0.3622140391244529,-0.15962277484528617,0.5218368139817194,199,367,-0.37812500000000004,-0.5291666666666666
1.1811414614447389,0.040461218255616216,-0.6102761278248534,0.5698149098939702,222,384,-0.30625,-0.6000000000000001
1.196186921033167,0.1395423827398676,-0.7026056446536638,0.5630632623578842,227,388,-0.290625,-0.6166666666666667
1.1699268918975392,-0.03677548612709955,-0.5331475519121522,0.5699230379861024,218,381,-0.31875,-0.5874999999999999
1.201488165180712,0.17352238266021802,-0.732581826514854,0.5590594454560686,229,389,-0.28437500000000004,-0.6208333333333333
1.1354655613255147,-0.30487163683665236,-0.23087906458279958,0.5357507013945015,203,370,-0.365625,-0.5416666666666667
1.0993712567854597,-0.6974946351612087,0.29628695823605083,0.4012076758470034,180,353,-0.4375,-0.47083333333333344
1.0884248511672663,-0.8761002326435198,0.5612248473052754,0.3148753676810071,171,347,-0.46562499999999996,-0.4458333333333333
1.0993712572259333,-0.6975001519446797,0.2962949201067943,0.4012052328620227,180,353,-0.4375,-0.47083333333333344
1.105009648711271,-0.6216588791457368,0.18792196346805634,0.43373691577766577,184,356,-0.42500000000000004,-0.4833333333333334
1.0782337965175437,-1.1160363126908421,0.933797571672413,0.18223650818291132,162,340,-0.49375,-0.41666666666666674
1.0698207396686328,-1.4026258405603775,1.3930972649199733,0.009468560675891607,157,335,-0.509375,-0.39583333333333326
1.078237331226725,-1.1862129762500937,1.0467510230737909,0.1394840329304722,159,338,-0.503125,-0.40833333333333344
1.105009649104989,-0.6216638307678096,0.1879288675152647,0.4337349656562371,184,356,-0.42500000000000004,-0.4833333333333334
1.099371256950396,-0.6974967037025066,0.29628994357030924,0.4012067598423138,180,353,-0.4375,-0.47083333333333344
1.0884248511660954,-0.8761002331087013,0.5612248480173744,0.3148753674342383,171,347,-0.46562499999999996,-0.4458333333333333
1.0993712572271033,-0.6975001519446895,0.2962949201068097,0.401205232862017,180,353,-0.4375,-0.47083333333333344
1.1354655613256097,-0.3048716759323497,-0.23087902165330276,0.53575069761554,203,370,-0.365625,-0.5416666666666667
1.201488165196256,0.1735217409838905,-0.732581438328479,0.5590597006238777,229,389,-0.28437500000000004,-0.6208333333333333
1.2240043841775607,0.31439430854346156,-0.8479879647644083,0.5335936682994079,235,393,-0.265625,-0.6375
1.1551209963918219,-0.14499684848405758,-0.4174811426794278,0.5624779911182958,212,377,-0.3375,-0.5708333333333333
1.1360606155419257,-0.2996711464356415,-0.23723220033923056,0.5369033467665281,203,370,-0.365625,-0.5416666666666667
1.1589024304371898,-0.11654922974330124,-0.44873768241048734,0.5652869121749181,214,378,-0.33125000000000004,-0.575
1.1101697444065752,-0.5586227982748875,0.10000302382106918,0.4586197743057335,188,359,-0.4125,-0.49583333333333335
1.0818946441466393,-1.0169993233493555,0.7781223426691601,0.23887654748327372,165,342,-0.484375,-0.42500000000000004
1.0730675032644201,-1.2934157945423033,1.2172797323784887,0.07611786967430777,158,336,-0.50625,-0.3999999999999999
1.0818951193853983,-1.0244538440096693,0.7898937397441756,0.2345621441074734,164,342,-0.48750000000000004,-0.42500000000000004
1.0863939168883305,-0.9164166488657268,0.6226652407413715,0.29375145157964605,169,345,-0.47187500000000004,-0.4375
1.064728397306787,-1.48084387713596,1.5168028630573382,-0.03613870363280366,156,334,-0.5125,-0.3916666666666666
1.0647284758285729,-1.5109230105270208,1.5659568707671716,-0.05522032535035796,156,334,-0.5125,-0.3916666666666666
1.086418165397436,-1.4219542297005436,1.4385565079944715,-0.0163530740922049,154,338,-0.51875,-0.40833333333333344
1.0818973774445912,-1.0608339008034722,0.847591714162551,0.21325685273312284,161,340,-0.49687499999999996,-0.41666666666666674
1.0730675968291554,-1.2963884102654157,1.2221206970106429,0.07425022233884289,158,336,-0.50625,-0.3999999999999999
1.0818951321837473,-1.0246554418170413,0.7902123340825579,0.23444521496866233,164,342,-0.48750000000000004,-0.42500000000000004
1.1101697444925616,-0.5586238944888983,0.10000450091262927,0.45861939405606256,188,359,-0.4125,-0.49583333333333335
1.1589024304425186,-0.1165492450876723,-0.4487376690031578,0.565286914145862,214,378,-0.33125000000000004,-0.575
1.1360606155426365,-0.2996711454101482,-0.2372322014591175,0.5369033468594604,203,370,-0.365625,-0.5416666666666667
1.1551209963935907,-0.144996876726919,-0.4174811170566639,0.5624779937977104,212,377,-0.3375,-0.5708333333333333
1.224004384392588,0.3143859441735133,-0.8479835460440265,0.53359763407636,235,393,-0.265625,-0.6375
1.2014881651385234,0.17352350929825353,-0.7325825080817138,0.5590589974389583,229,389,-0.28437500000000004,-0.6208333333333333
1.1354655613224636,-0.30487163683661406,-0.23087906458284346,0.5357507013945071,203,370,-0.365625,-0.5416666666666667
1.099371256785203,-0.6974946351612076,0.2962869582360481,0.40120767584700484,180,353,-0.4375,-0.47083333333333344
1.088424851166326,-0.8761002326435201,0.5612248473052758,0.3148753676810069,171,347,-0.46562499999999996,-0.4458333333333333
1.0993712572257772,-0.6975001519446812,0.29629492010679503,0.40120523286202364,180,353,-0.4375,-0.47083333333333344
1.1050096487102563,-0.6216588791457379,0.1879219634680579,0.4337369157776653,184,356,-0.42500000000000004,-0.4833333333333334
1.0782337965202449,-1.116036312690838,0.93379757167242,0.1822365081829297,162,340,-0.49375,-0.41666666666666674
1.0698207396688675,-1.4026258405602698,1.3930972649200049,0.009468560675808129,157,335,-0.509375,-0.39583333333333326
1.078237331223987,-1.1862129762500007,1.0467510230738835,0.13948403293060704,159,338,-0.503125,-0.40833333333333344
1.1050096491076107,-0.6216638307678126,0.1879288675152677,0.4337349656562371,184,356,-0.42500000000000004,-0.4833333333333334
1.0993712569529315,-0.6974967037025075,0.2962899435703118,0.4012067598423128,180,353,-0.4375,-0.47083333333333344
1.0884248511648162,-0.876100233108703,0.5612248480173764,0.3148753674342378,171,347,-0.46562499999999996,-0.4458333333333333
1.0993712572234533,-0.69750015194469,0.29629492010680814,0.40120523286201903,180,353,-0.4375,-0.47083333333333344
1.1354655613271225,-0.3048716759323494,-0.2308790216533017,0.5357506976155384,203,370,-0.365625,-0.5416666666666667
1.2014881651940448,0.17352174098388898,-0.7325814383284789,0.5590597006238793,229,389,-0.28437500000000004,-0.6208333333333333
1.16992689189509,-0.03677548157806258,-0.5331475554827793,0.569923036996511,218,381,-0.31875,-0.5874999999999999
1.19618692103689,0.13954226272422143,-0.702605569248943,0.563063307285059,227,388,-0.290625,-0.6166666666666667
1.1811414614386242,0.04046137869920824,-0.6102762415608722,0.5698148627693823,222,384,-0.30625,-0.6000000000000001
1.129107670728623,-0.36221400777485857,-0.15962281128743494,0.5218368190377886,199,367,-0.37812500000000004,-0.5291666666666666
1.1140813630379012,-0.514081393086661,0.03915087237823346,0.4749305206726028,190,361,-0.40625,-0.5041666666666667
1.1291076707284415,-0.36221403912445455,-0.15962277484528276,0.5218368139817177,199,367,-0.37812500000000004,-0.5291666666666666
1.1811414614387703,0.0404612182556209,-0.6102761278248584,0.5698149098939702,222,384,-0.30625,-0.6000000000000001
1.1696234108410697,-0.03891535808194182,-0.5309461389054139,0.5698614969649264,218,381,-0.31875,-0.5874999999999999
1.1481337142393995,-0.1993072887025598,-0.3561483860934116,0.555455674785743,209,374,-0.34687500000000004,-0.5583333333333333
1.1696234108423784,-0.038915384822905824,-0.5309461178554792,0.5698615027215377,218,381,-0.31875,-0.5874999999999999
1.5642682091949733,-0.20924977222480973,-0.34468737961901746,0.5539371518331597,198,423,-0.38125,-0.7625
1.5429590601031435,-0.3603974415640193,-0.1619135151385231,0.5223109566926967,187,420,-0.415625,-0.75
1.5642682091887259,-0.20924978342760311,-0.34468736859060534,0.5539371520280181,198,423,-0.38125,-0.7625
1.570756048027555,-0.14233930763663258,-0.4214942313040238,0.5638446861361686,203,424,-0.365625,-0.7666666666666666
1.5237683475932797,-0.5211947152798078,0.04879561837116229,0.47239909682486536,176,417,-0.44999999999999996,-0.7375
1.508391610691198,-0.6786278842626334,0.26907608802319044,0.40955179584494494,165,414,-0.484375,-0.7250000000000001
1.523768347607771,-0.5211949272420611,0.04879589748167494,0.4723990298154191,176,417,-0.44999999999999996,-0.7375
1.5707560486786072,-0.1423529195512757,-0.42148980123192215,0.5638538082631003,203,424,-0.365625,-0.7666666666666666
1.5707963267948966,-0.04902359713085524,-0.5205002128567153,0.5695238099974997,209,424,-0.34687500000000004,-0.7666666666666666
1.564566386064712,-0.20728004502014408,-0.3469636173536375,0.5542436623640481,198,423,-0.38125,-0.7625
1.5707963267948966,-0.019407605297310993,-0.5508863007966553,0.570293906130326,211,424,-0.34062499999999996,-0.7666666666666666
1.5302156147962522,-0.46372095598388285,-0.028304890615256706,0.49202584654628073,180,418,-0.4375,-0.7416666666666667
1.493146577343665,-0.882489801580354,0.570924718998714,0.31156504827245873,153,411,-0.521875,-0.7124999999999999
1.4816769005742472,-1.1075139958148272,0.9203449455773657,0.1871676729447774,142,408,-0.55625,-0.7
1.4931466001074385,-0.882797973937495,0.5713972655296132,0.3114007723724057,152,411,-0.525,-0.7124999999999999
1.4990126732548525,-0.7959003557785526,0.44070808088977664,0.3551922776645787,158,412,-0.50625,-0.7166666666666666
1.4708959034729934,-1.3899306876428092,1.3721969184661265,0.017669077498832623,135,405,-0.578125,-0.6875
1.461920587989754,-1.5107389809584044,1.5634590598050253,-0.05297371470431743,135,403,-0.578125,-0.6791666666666667
1.4708969928210605,-1.5094793880152253,1.5678759793402564,-0.05846082479491033,134,405,-0.58125,-0.6875
1.4990461585419943,-1.3729770674798134,1.3632919460516009,0.010002638848913014,133,411,-0.584375,-0.7124999999999999
1.4931467803992904,-0.8852399031194949,0.5751433064189678,0.31009743986272775,152,411,-0.525,-0.7124999999999999
1.4816769020446825,-1.1075407081349877,0.9203876840462917,0.18715165562297698,142,408,-0.55625,-0.7
1.493146600110626,-0.8827980172257813,0.5713973319104136,0.31140074929369693,152,411,-0.525,-0.7124999999999999
1.5302156148093824,-0.4637211554582098,-0.028304638186672566,0.49202579375344263,180,418,-0.4375,-0.7416666666666667
1.5707963267948966,-0.019407641230447224,-0.5508862732406343,0.5702939145972219,211,424,-0.34062499999999996,-0.7666666666666666
1.5707963267948966,0.10024326521473981,-0.6668677121423341,0.5666244470024038,218,424,-0.31875,-0.7666666666666666
1.5499298252868154,-0.3084384429339028,-0.2265110654995306,0.5349495084120299,191,421,-0.40312499999999996,-0.7541666666666667
1.5308172493531753,-0.45855682597409636,-0.035138337926149385,0.4936951638804896,180,418,-0.4375,-0.7416666666666667
1.553685291915927,-0.28154102484551485,-0.25923586526985587,0.540776890126144,193,422,-0.396875,-0.7583333333333333
1.5043563813737766,-0.726491266643824,0.3384174296210811,0.3880738350955645,162,413,-0.49375,-0.7208333333333334
1.474781013941637,-1.2904890947102967,1.2123670498123154,0.07809980037203897,137,406,-0.571875,-0.6916666666666667
1.4653908806618028,-1.4937983060033722,1.5382591639002448,-0.044634808940956054,134,404,-0.58125,-0.6833333333333333
1.4747845606624304,-1.4872385779806077,1.5342390924226728,-0.046990377484005696,134,406,-0.58125,-0.6916666666666667
1.4795452562535427,-1.4307290724031347,1.4448592501491657,-0.01404751904456139,134,407,-0.58125,-0.6958333333333333
1.4564618342832816,-1.5170514590457633,1.5698668869518428,-0.053199279324003264,135,402,-0.578125,-0.675
1.45646183435518,-1.517617939206656,1.5707895065566964,-0.05355571254250048,135,402,-0.578125,-0.675
1.4795457145949673,-1.5074289400582959,1.5707963267948966,-0.0633470710848104,134,407,-0.58125,-0.6958333333333333
1.4747845984728558,-1.5093112637068655,1.570446379663225,-0.06112421898504661,134,406,-0.58125,-0.6916666666666667
1.4653909098956186,-1.5136430063072117,1.5706944416834374,-0.057229869759438695,134,404,-0.58125,-0.6833333333333333
1.4747845984765142,-1.5095299705457113,1.5707963267948966,-0.06126426649495069,134,406,-0.58125,-0.6916666666666667
1.5043975058464587,-1.5038352081971897,1.5707963267948966,-0.07958676909585626,133,412,-0.584375,-0.7166666666666666
1.5537156140114343,-1.5707963267948966,1.5707963267948966,-0.6156458758483672,139,413,-0.565625,-0.7208333333333334
1.5308657177029479,-1.5707963267948966,1.5707963267948966,-0.38740588932204134,137,410,-0.571875,-0.7083333333333333
1.5499606034922984,-1.5707963267948966,1.5707963267948966,-0.5987142267898273,139,412,-0.565625,-0.7166666666666666
1.4931738796383864,-1.5455001903388401,1.5707963267948966,-0.09817813560830704,136,406,-0.575,-0.6916666666666667
1.4816887068521412,-1.507585911662076,1.5707963267948966,-0.0650056627266872,134,407,-0.58125,-0.6958333333333333
1.4931740517676442,-1.5019082709670692,1.5707963267948966,-0.06980812212920148,133,410,-0.584375,-0.7083333333333333
1.499047497846799,-1.4997185132616249,1.5707963267948966,-0.07279988506397826,133,411,-0.584375,-0.7124999999999999
1.4708969930796634,-1.5109298384998295,1.5702517231918438,-0.059386243508032205,134,405,-0.58125,-0.6875
1.461920589681865,-1.515206861392092,1.570751684487617,-0.05579998993188667,135,403,-0.578125,-0.6791666666666667
1.4708969930953384,-1.5112645090710355,1.5707963267948966,-0.059599769792691264,134,405,-0.58125,-0.6875
1.4990474969280723,-1.501379644409291,1.5707963267948966,-0.07388686756713168,133,411,-0.584375,-0.7124999999999999
1.4931740517883798,-1.5018208876945098,1.5707963267948966,-0.06975123135373469,133,410,-0.584375,-0.7083333333333333
1.4816887069165368,-1.5049439850137365,1.5683817412755627,-0.06330315386388613,134,408,-0.58125,-0.7
1.4931737107111194,-1.4368413892906855,1.4645876259322343,-0.0274614222066563,133,410,-0.584375,-0.7083333333333333
1.5302156152847053,-0.4637275700085102,-0.028296520740374136,0.49202409604805214,180,418,-0.4375,-0.7416666666666667
1.5707963267948966,-0.019407641231377674,-0.5508862732399202,0.5702939145974405,211,424,-0.34062499999999996,-0.7666666666666666
1.5645663860699672,-0.20728004403235858,-0.3469636183236948,0.5542436623445062,198,423,-0.38125,-0.7625
1.5707963267948966,-0.04902360345138859,-0.520500207813178,0.5695238112898294,209,424,-0.34687500000000004,-0.7666666666666666
1.5707549475387739,-0.13171439990872671,-0.4310523591018417,0.5627552376185001,203,424,-0.365625,-0.7666666666666666
1.5237683475918293,-0.5211947127339517,0.048795615018797034,0.4723990976297074,176,417,-0.44999999999999996,-0.7375
1.5083916106898014,-0.6786278842626206,0.2690760880231719,0.4095517958449505,165,414,-0.484375,-0.7250000000000001
1.5237683476072659,-0.5211949272420581,0.0487958974816696,0.4723990298154216,176,417,-0.44999999999999996,-0.7375
1.5707560486779863,-0.14235291955153243,-0.4214898012319615,0.5638538082634879,203,424,-0.365625,-0.7666666666666666
1.5642682091884779,-0.20924977579555384,-0.3446873761038565,0.5539371518952694,198,423,-0.38125,-0.7625
1.5429590601040337,-0.3603974415640205,-0.16191351513852048,0.5223109566926954,187,420,-0.415625,-0.75
1.5642682091928533,-0.20924978342760656,-0.3446873685906009,0.553937152028017,198,423,-0.38125,-0.7625
